Workbook
Name Abrechnung: db_Abrechnung!$A$1:$K$183
Name Druckbereich_keller: Keller!$A$1:$L$22
Name Druckbereich_pergola: Garten!$A$1:$R$20
Name Druckbereich_pergola: Pergola!$A$1:$R$20
Name Druckbereich_terrasse: Terrasse!$A$1:$R$21
Name Druckbereich_ubersicht: Übersicht!$A$1:$L$14
Name Druckbereich_WNF: Wohnfläche!$A$1:$G$195
Name tbl_keller: Tabelle15[]
Name tbl_keller: Tabelle15[]
Name tbl_keller: Tabelle15[]
Name tbl_terrasse: Tabelle15768[]
Name tbl_terrasse: Tabelle1576[]
Name tbl_terrasse: Tabelle157[]

Sheet Stammdaten
A1: Projekt | D1: Krusdorf
A3: Strasse, Hr. | B3: Krusdorf 72
A4: PLZ - Ort | B4: 8345 - Krusdorf
A5: Gemeinde | B5: Straden
A7: Stockwerk | B7: 2
A8: Objektart | B8: Einfamilienhaus
A10: Start | B10: 42663
A11: kalk. Ende | B11: 42826

Sheet Flächen
B2: Flächenaufstellung
B3: Bezeichnung | C3: Geschoss | D3: Flächenart | E3: Bau | F3: Fläche | G3: Summe
B4: ERDGESCHOSS
B5: Vorzimmer | C5: EG | D5: WNF | E5: x | F5: 12.11 | G5: =SUM(F5:F13) -> 107.9
B6: WC | C6: EG | D6: WNF | E6: x | F6: 2.14
B7: Küche | C7: EG | D7: WNF | E7: x | F7: 12.23
B8: Essen / Wohnen | C8: EG | D8: WNF | E8: x | F8: 39.65
B9: Gang | C9: EG | D9: WNF | E9: x | F9: 2.7
B10: Stiegenhaus EG-OG | C10: OG | D10: WNF | E10: x | F10: 3
B11: Teichzimmer | C11: EG | D11: WNF | E11: x | F11: 12.21
B12: Bad | C12: EG | D12: WNF | E12: x | F12: 9.86
B13: Garagenzimmer | C13: EG | D13: WNF | E13: x | F13: 14
B14: OBERGESCHOSS
B15: Diele | C15: OG | D15: WNF | E15: x | F15: 18.4 | G15: =SUM(F15:F21) -> 104.03
B16: Bad | C16: OG | D16: WNF | E16: x | F16: 6.8
B17: Appartment | C17: OG | D17: WNF | E17: x | F17: 18.76
B18: Schlafzimmer | C18: OG | D18: WNF | E18: x | F18: 19.09
B19: Balkonzimmer | C19: OG | D19: WNF | E19: x | F19: 15.7
B20: Büro | C20: OG | D20: WNF | E20: x | F20: 17.58
B21: Stauraum | C21: OG | D21: WNF | E21: x | F21: 7.7
B22: KELLERGESCHOSS
B23: Stiegenhaus EG-KG | C23: KG | D23: FF | F23: 3 | G23: =SUM(F23:F29) -> 73.36
B24: Vorraum | C24: KG | D24: FF | F24: 9
B25: Sauna | C25: KG | D25: FF | F25: 16.36
B26: Heizraum | C26: KG | D26: FF | F26: 13.37
B27: Keller 1 | C27: KG | D27: FF | F27: 12.03
B28: Keller 2 | C28: KG | D28: FF | F28: 11
B29: Lager | C29: KG | D29: FF | F29: 8.6
B30: SONSTIGE FLÄCHEN
B31: Garage | C31: EG | D31: FF | F31: 15.76 | G31: =SUM(F31:F33) -> 37.06
B32: Balkon | C32: OG | D32: Frei | F32: 11.3
B33: Terrasse | C33: EG | D33: Frei | F33: 10
B34: Nutzfläche gesamt in m² | G34: =SUM(G5:G33) -> 322.35
B37: =$B$4 -> ERDGESCHOSS | F37: =$G$5 -> 107.9 | G37: =SUM(F37:F38) -> 211.93
B38: =$B$14 -> OBERGESCHOSS | F38: =$G$15 -> 104.03
B39: =$B$22 -> KELLERGESCHOSS | F39: =$G$23 -> 73.36
B40: =$B$30 -> SONSTIGE FLÄCHEN | F40: =$G$31 -> 37.06
B42: BAUPHASE 1 | C42: x | G42: =SUMIF(E5:E33,C42,F5:F33) -> 211.93

Sheet Anschaffung
A1: Anschaffungskosten | F1: =G1/Flächen!$G$37 -> 1184.5421 | G1: =SUM(G2:G15) -> 251040
B2: Kaufpreis | G2: =SUM(F4:F4) -> 240000
B3: Rech-Datum | C3: Beschreibung | D3: netto | E3: Ust | F3: brutto
D4: =F4/(1+E4) -> 240000 | E4: 0 | F4: 240000
B6: Kaufvertragserrichtung | G6: =SUM(F8:F8) -> 0
B7: Rech-Datum | C7: Beschreibung | D7: netto | E7: Ust | F7: brutto
D8: =F8/(1+E8) -> 0 | E8: 0.2 | F8: 0
B9: Grunderwerbsteuer | G9: =SUM(F11:F11) -> 8400
B10: Rech-Datum | C10: Beschreibung | E10: Ust | F10: brutto
E11: 0.035 | F11: =G2*E11 -> 8400
B12: Eintragungsgebühr | G12: =SUM(F14:F14) -> 2640
B13: Rech-Datum | C13: Beschreibung | E13: Ust | F13: brutto
E14: 0.011 | F14: =G2*E14 -> 2640
B15: Sonstiges | G15: =SUM(F17:F20) -> 0
B16: Rech-Datum | C16: Beschreibung | D16: netto | E16: Ust | F16: brutto
D17: =F17/(1+E17) -> 0 | E17: 0.2 | F17: 0
D18: =F18/(1+E18) -> 0 | E18: 0.2 | F18: 0
D19: =F19/(1+E19) -> 0 | E19: 0.2 | F19: 0
D20: =F20/(1+E20) -> 0 | E20: 0.2 | F20: 0

Sheet Betriebskosten
A1: Betriebskosten | F1: =G1/Flächen!$G$37 -> 2.9962724 | G1: =SUM(G2:G31) -> 635
A2: Heizung | B2: Heizöl Roth | G2: =SUM(F4:F7) -> 437
B3: Rech-Datum | C3: Beschreibung | D3: netto | E3: Ust | F3: brutto
B4: 42738 | C4: Baustelle | D4: =F4/(1+E4) -> 364.16667 | E4: 0.2 | F4: 437
D5: =F5/(1+E5) -> 0 | E5: 0.2 | F5: 0
D6: =F6/(1+E6) -> 0 | E6: 0.2 | F6: 0
D7: =F7/(1+E7) -> 0 | E7: 0.2 | F7: 0
A9: Heizung | B9: STRANZL | G9: =SUM(F11:F14) -> 198
B10: Rech-Datum | C10: Beschreibung | D10: netto | E10: Ust | F10: brutto
B11: 43203 | C11: Servicevertrag | D11: =F11/(1+E11) -> 165 | E11: 0.2 | F11: 198
D12: =F12/(1+E12) -> 0 | E12: 0.2 | F12: 0
D13: =F13/(1+E13) -> 0 | E13: 0.2 | F13: 0
D14: =F14/(1+E14) -> 0 | E14: 0.2 | F14: 0
A16: Strom | B16: Energie Steiermark | G16: =SUM(F18:F21) -> 0
B17: Rech-Datum | C17: Beschreibung | D17: netto | E17: Ust | F17: brutto
B18: 42736 | C18: Vorschreibung pro Monat | D18: =F18/(1+E18) -> 0 | E18: 0.2 | F18: 0
D19: =F19/(1+E19) -> 0 | E19: 0.2 | F19: 0
D20: =F20/(1+E20) -> 0 | E20: 0.2 | F20: 0
D21: =F21/(1+E21) -> 0 | E21: 0.2 | F21: 0
A22: Versicherung | B22: Hausversicherung | G22: =SUM(F24:F24) -> 0
B23: Rech-Datum | C23: Beschreibung | D23: netto | E23: Ust | F23: brutto
B24: 42736 | D24: 0 | E24: 0.2 | F24: 0
A25: Gemeindeabgaben | B25: Straden | G25: =SUM(F27:F30) -> 0
B26: Rech-Datum | C26: Beschreibung | D26: netto | E26: Ust | F26: brutto
B27: 42736 | C27: Wasser | D27: =F27/(1+E27) -> 0 | E27: 0.1 | F27: 0
C28: Kanal | D28: =F28/(1+E28) -> 0 | E28: 0.1 | F28: 0
C29: Grundsteuer | D29: =F29/(1+E29) -> 0 | E29: 0.1 | F29: 0
D30: =F30/(1+E30) -> 0 | E30: 0.1 | F30: 0
A31: sonstiges | B31: Sonstiges | G31: =SUM(F33:F36) -> 0
B32: Rech-Datum | C32: Beschreibung | D32: netto | E32: Ust | F32: brutto
C33: Orf Gebühren | D33: =F33/(1+E33) -> 0 | E33: 0.2 | F33: 0
D34: =F34/(1+E34) -> 0 | E34: 0.2 | F34: 0
D35: =F35/(1+E35) -> 0 | E35: 0.2 | F35: 0
D36: =F36/(1+E36) -> 0 | E36: 0.2 | F36: 0

Sheet Baukosten 1.0
A3: EG | B3: =Flächen!B37 -> ERDGESCHOSS | D3: =Flächen!$G$5 -> 107.9 | E3: =SUM(D3:D6) -> 322.35 | F3: MALER | G3: =I3/D3 -> 48.729101 | H3: =SUM(H11:H36)/E3 -> 101.75527 | I3: {=SUM(IF(Tabelle1[Ebene]=A3,IF(Tabelle1[Gewerk]=F3,Tabelle1[Pos.Preis])))} -> 5257.87 | K3: =L3/D3 -> 206.77924 | L3: {=SUM(IF(Tabelle1[Ebene]=A3,Tabelle1[Pos.Preis]))} -> 22311.48 | M3: =SUM(L3:L6) -> 34337.19
A4: 1. OG | B4: =Flächen!B38 -> OBERGESCHOSS | D4: =Flächen!F38 -> 104.03 | G4: =I4/D4 -> 25.303182 | I4: {=SUM(IF(Tabelle1[Ebene]=A4,IF(Tabelle1[Gewerk]=F3,Tabelle1[Pos.Preis])))} -> 2632.29 | K4: =L4/D4 -> 84.434394 | L4: {=SUM(IF(Tabelle1[Ebene]=A4,Tabelle1[Pos.Preis]))} -> 8783.71
A5: KG | B5: =Flächen!B39 -> KELLERGESCHOSS | D5: =Flächen!F39 -> 73.36 | G5: =I5/D5 -> 0 | I5: {=SUM(IF(Tabelle1[Ebene]=A5,IF(Tabelle1[Gewerk]=F3,Tabelle1[Pos.Preis])))} -> 0 | K5: =L5/D5 -> 6.5430752 | L5: {=SUM(IF(Tabelle1[Ebene]=A5,Tabelle1[Pos.Preis]))} -> 480
A6: SF | B6: =Flächen!B40 -> SONSTIGE FLÄCHEN | D6: =Flächen!F40 -> 37.06 | G6: =I6/D6 -> 0 | I6: {=SUM(IF(Tabelle1[Ebene]=A6,IF(Tabelle1[Gewerk]=F3,Tabelle1[Pos.Preis])))} -> 0 | K6: =L6/D6 -> 74.527793 | L6: {=SUM(IF(Tabelle1[Ebene]=A6,Tabelle1[Pos.Preis]))} -> 2762
H10: Hoch | K10: Mittel | L10: Nieder | M10: GESAMT
B11: Nebenkosten | H11: {=SUM(IF(Tabelle1[Raum]=B11,IF(Tabelle1[Prio]=$H$10,Tabelle1[Pos.Preis])))} -> 0 | K11: {=SUM(IF(Tabelle1[Raum]=$B11,IF(Tabelle1[Prio]=$K$10,Tabelle1[Pos.Preis])))} -> 0 | L11: {=SUM(IF(Tabelle1[Raum]=$B11,IF(Tabelle1[Prio]=$L$10,Tabelle1[Pos.Preis])))} -> 0 | M11: {=SUM(IF(Tabelle1[Raum]=B11,Tabelle1[Pos.Preis]))} -> 0
A12: EG | B12: Vorzimmer | H12: {=SUM(IF(Tabelle1[Raum]=B12,IF(Tabelle1[Prio]=$H$10,Tabelle1[Pos.Preis])))} -> 889.63 | K12: {=SUM(IF(Tabelle1[Raum]=$B12,IF(Tabelle1[Prio]=$K$10,Tabelle1[Pos.Preis])))} -> 0 | L12: {=SUM(IF(Tabelle1[Raum]=$B12,IF(Tabelle1[Prio]=$L$10,Tabelle1[Pos.Preis])))} -> 363.3 | M12: {=SUM(IF(Tabelle1[Raum]=B12,Tabelle1[Pos.Preis]))} -> 1252.93 | N12: =SUM(M12:M19) -> 21635.4
A13: EG | B13: Küche | H13: {=SUM(IF(Tabelle1[Raum]=B13,IF(Tabelle1[Prio]=$H$10,Tabelle1[Pos.Preis])))} -> 2961.31 | K13: {=SUM(IF(Tabelle1[Raum]=$B13,IF(Tabelle1[Prio]=$K$10,Tabelle1[Pos.Preis])))} -> 0 | L13: {=SUM(IF(Tabelle1[Raum]=$B13,IF(Tabelle1[Prio]=$L$10,Tabelle1[Pos.Preis])))} -> 0 | M13: {=SUM(IF(Tabelle1[Raum]=B13,Tabelle1[Pos.Preis]))} -> 2961.31
A14: EG | B14: Essen / Wohnen | H14: {=SUM(IF(Tabelle1[Raum]=B14,IF(Tabelle1[Prio]=$H$10,Tabelle1[Pos.Preis])))} -> 6501.45 | K14: {=SUM(IF(Tabelle1[Raum]=$B14,IF(Tabelle1[Prio]=$K$10,Tabelle1[Pos.Preis])))} -> 0 | L14: {=SUM(IF(Tabelle1[Raum]=$B14,IF(Tabelle1[Prio]=$L$10,Tabelle1[Pos.Preis])))} -> 0 | M14: {=SUM(IF(Tabelle1[Raum]=B14,Tabelle1[Pos.Preis]))} -> 6501.45
A15: EG | B15: Gang | H15: {=SUM(IF(Tabelle1[Raum]=B15,IF(Tabelle1[Prio]=$H$10,Tabelle1[Pos.Preis])))} -> 296.4 | K15: {=SUM(IF(Tabelle1[Raum]=$B15,IF(Tabelle1[Prio]=$K$10,Tabelle1[Pos.Preis])))} -> 0 | L15: {=SUM(IF(Tabelle1[Raum]=$B15,IF(Tabelle1[Prio]=$L$10,Tabelle1[Pos.Preis])))} -> 0 | M15: {=SUM(IF(Tabelle1[Raum]=B15,Tabelle1[Pos.Preis]))} -> 296.4
A16: EG | B16: Stiegenhaus EG-OG | H16: {=SUM(IF(Tabelle1[Raum]=B16,IF(Tabelle1[Prio]=$H$10,Tabelle1[Pos.Preis])))} -> 91 | K16: {=SUM(IF(Tabelle1[Raum]=$B16,IF(Tabelle1[Prio]=$K$10,Tabelle1[Pos.Preis])))} -> 0 | L16: {=SUM(IF(Tabelle1[Raum]=$B16,IF(Tabelle1[Prio]=$L$10,Tabelle1[Pos.Preis])))} -> 0 | M16: {=SUM(IF(Tabelle1[Raum]=B16,Tabelle1[Pos.Preis]))} -> 91
A17: EG | B17: Teichzimmer | H17: {=SUM(IF(Tabelle1[Raum]=B17,IF(Tabelle1[Prio]=$H$10,Tabelle1[Pos.Preis])))} -> 2510.29 | K17: {=SUM(IF(Tabelle1[Raum]=$B17,IF(Tabelle1[Prio]=$K$10,Tabelle1[Pos.Preis])))} -> 0 | L17: {=SUM(IF(Tabelle1[Raum]=$B17,IF(Tabelle1[Prio]=$L$10,Tabelle1[Pos.Preis])))} -> 0 | M17: {=SUM(IF(Tabelle1[Raum]=B17,Tabelle1[Pos.Preis]))} -> 2510.29
A18: EG | B18: Bad | H18: {=SUM(IF(Tabelle1[Raum]=B18,IF(Tabelle1[Prio]=$H$10,Tabelle1[Pos.Preis])))} -> 5543.02 | K18: {=SUM(IF(Tabelle1[Raum]=$B18,IF(Tabelle1[Prio]=$K$10,Tabelle1[Pos.Preis])))} -> 0 | L18: {=SUM(IF(Tabelle1[Raum]=$B18,IF(Tabelle1[Prio]=$L$10,Tabelle1[Pos.Preis])))} -> 0 | M18: {=SUM(IF(Tabelle1[Raum]=B18,Tabelle1[Pos.Preis]))} -> 5543.02
A19: EG | B19: Garagenzimmer | H19: {=SUM(IF(Tabelle1[Raum]=B19,IF(Tabelle1[Prio]=$H$10,Tabelle1[Pos.Preis])))} -> 2479 | K19: {=SUM(IF(Tabelle1[Raum]=$B19,IF(Tabelle1[Prio]=$K$10,Tabelle1[Pos.Preis])))} -> 0 | L19: {=SUM(IF(Tabelle1[Raum]=$B19,IF(Tabelle1[Prio]=$L$10,Tabelle1[Pos.Preis])))} -> 0 | M19: {=SUM(IF(Tabelle1[Raum]=B19,Tabelle1[Pos.Preis]))} -> 2479
A20: 1. OG | B20: Diele | H20: {=SUM(IF(Tabelle1[Raum]=B20,IF(Tabelle1[Prio]=$H$10,Tabelle1[Pos.Preis])))} -> 1548.4 | K20: {=SUM(IF(Tabelle1[Raum]=$B20,IF(Tabelle1[Prio]=$K$10,Tabelle1[Pos.Preis])))} -> 0 | L20: {=SUM(IF(Tabelle1[Raum]=$B20,IF(Tabelle1[Prio]=$L$10,Tabelle1[Pos.Preis])))} -> 0 | M20: {=SUM(IF(Tabelle1[Raum]=B20,Tabelle1[Pos.Preis]))} -> 1548.4 | N20: =SUM(M20:M26) -> 8793.71
A21: 1. OG | B21: Bad - OG | H21: {=SUM(IF(Tabelle1[Raum]=B21,IF(Tabelle1[Prio]=$H$10,Tabelle1[Pos.Preis])))} -> 699.6 | K21: {=SUM(IF(Tabelle1[Raum]=$B21,IF(Tabelle1[Prio]=$K$10,Tabelle1[Pos.Preis])))} -> 0 | L21: {=SUM(IF(Tabelle1[Raum]=$B21,IF(Tabelle1[Prio]=$L$10,Tabelle1[Pos.Preis])))} -> 0 | M21: {=SUM(IF(Tabelle1[Raum]=B21,Tabelle1[Pos.Preis]))} -> 699.6
A22: 1. OG | B22: Apartment | H22: {=SUM(IF(Tabelle1[Raum]=B22,IF(Tabelle1[Prio]=$H$10,Tabelle1[Pos.Preis])))} -> 1505.76 | K22: {=SUM(IF(Tabelle1[Raum]=$B22,IF(Tabelle1[Prio]=$K$10,Tabelle1[Pos.Preis])))} -> 0 | L22: {=SUM(IF(Tabelle1[Raum]=$B22,IF(Tabelle1[Prio]=$L$10,Tabelle1[Pos.Preis])))} -> 0 | M22: {=SUM(IF(Tabelle1[Raum]=B22,Tabelle1[Pos.Preis]))} -> 1505.76
A23: 1. OG | B23: Schlafzimmer | H23: {=SUM(IF(Tabelle1[Raum]=B23,IF(Tabelle1[Prio]=$H$10,Tabelle1[Pos.Preis])))} -> 1700.47 | K23: {=SUM(IF(Tabelle1[Raum]=$B23,IF(Tabelle1[Prio]=$K$10,Tabelle1[Pos.Preis])))} -> 0 | L23: {=SUM(IF(Tabelle1[Raum]=$B23,IF(Tabelle1[Prio]=$L$10,Tabelle1[Pos.Preis])))} -> 0 | M23: {=SUM(IF(Tabelle1[Raum]=B23,Tabelle1[Pos.Preis]))} -> 1700.47
A24: 1. OG | B24: Balkonzimmer | H24: {=SUM(IF(Tabelle1[Raum]=B24,IF(Tabelle1[Prio]=$H$10,Tabelle1[Pos.Preis])))} -> 1283.2 | K24: {=SUM(IF(Tabelle1[Raum]=$B24,IF(Tabelle1[Prio]=$K$10,Tabelle1[Pos.Preis])))} -> 0 | L24: {=SUM(IF(Tabelle1[Raum]=$B24,IF(Tabelle1[Prio]=$L$10,Tabelle1[Pos.Preis])))} -> 0 | M24: {=SUM(IF(Tabelle1[Raum]=B24,Tabelle1[Pos.Preis]))} -> 1283.2
A25: 1. OG | B25: Büro | H25: {=SUM(IF(Tabelle1[Raum]=B25,IF(Tabelle1[Prio]=$H$10,Tabelle1[Pos.Preis])))} -> 1426.08 | K25: {=SUM(IF(Tabelle1[Raum]=$B25,IF(Tabelle1[Prio]=$K$10,Tabelle1[Pos.Preis])))} -> 0 | L25: {=SUM(IF(Tabelle1[Raum]=$B25,IF(Tabelle1[Prio]=$L$10,Tabelle1[Pos.Preis])))} -> 25 | M25: {=SUM(IF(Tabelle1[Raum]=B25,Tabelle1[Pos.Preis]))} -> 1451.08
A26: 1. OG | B26: Stauraum | H26: {=SUM(IF(Tabelle1[Raum]=B26,IF(Tabelle1[Prio]=$H$10,Tabelle1[Pos.Preis])))} -> 605.2 | K26: {=SUM(IF(Tabelle1[Raum]=$B26,IF(Tabelle1[Prio]=$K$10,Tabelle1[Pos.Preis])))} -> 0 | L26: {=SUM(IF(Tabelle1[Raum]=$B26,IF(Tabelle1[Prio]=$L$10,Tabelle1[Pos.Preis])))} -> 0 | M26: {=SUM(IF(Tabelle1[Raum]=B26,Tabelle1[Pos.Preis]))} -> 605.2
A27: KG | B27: Stiegenhaus EG-KG | H27: {=SUM(IF(Tabelle1[Raum]=B27,IF(Tabelle1[Prio]=$H$10,Tabelle1[Pos.Preis])))} -> 0 | K27: {=SUM(IF(Tabelle1[Raum]=$B27,IF(Tabelle1[Prio]=$K$10,Tabelle1[Pos.Preis])))} -> 380 | L27: {=SUM(IF(Tabelle1[Raum]=$B27,IF(Tabelle1[Prio]=$L$10,Tabelle1[Pos.Preis])))} -> 15 | M27: {=SUM(IF(Tabelle1[Raum]=B27,Tabelle1[Pos.Preis]))} -> 395 | N27: =SUM(M27:M36) -> 3242
A28: KG | B28: Vorraum | H28: {=SUM(IF(Tabelle1[Raum]=B28,IF(Tabelle1[Prio]=$H$10,Tabelle1[Pos.Preis])))} -> 0 | K28: {=SUM(IF(Tabelle1[Raum]=$B28,IF(Tabelle1[Prio]=$K$10,Tabelle1[Pos.Preis])))} -> 0 | L28: {=SUM(IF(Tabelle1[Raum]=$B28,IF(Tabelle1[Prio]=$L$10,Tabelle1[Pos.Preis])))} -> 0 | M28: {=SUM(IF(Tabelle1[Raum]=B28,Tabelle1[Pos.Preis]))} -> 0
A29: KG | B29: Sauna | H29: {=SUM(IF(Tabelle1[Raum]=B29,IF(Tabelle1[Prio]=$H$10,Tabelle1[Pos.Preis])))} -> 0 | K29: {=SUM(IF(Tabelle1[Raum]=$B29,IF(Tabelle1[Prio]=$K$10,Tabelle1[Pos.Preis])))} -> 0 | L29: {=SUM(IF(Tabelle1[Raum]=$B29,IF(Tabelle1[Prio]=$L$10,Tabelle1[Pos.Preis])))} -> 0 | M29: {=SUM(IF(Tabelle1[Raum]=B29,Tabelle1[Pos.Preis]))} -> 0
A30: KG | B30: Heizraum | H30: {=SUM(IF(Tabelle1[Raum]=B30,IF(Tabelle1[Prio]=$H$10,Tabelle1[Pos.Preis])))} -> 0 | K30: {=SUM(IF(Tabelle1[Raum]=$B30,IF(Tabelle1[Prio]=$K$10,Tabelle1[Pos.Preis])))} -> 0 | L30: {=SUM(IF(Tabelle1[Raum]=$B30,IF(Tabelle1[Prio]=$L$10,Tabelle1[Pos.Preis])))} -> 35 | M30: {=SUM(IF(Tabelle1[Raum]=B30,Tabelle1[Pos.Preis]))} -> 35
A31: KG | B31: Keller 1 | H31: {=SUM(IF(Tabelle1[Raum]=B31,IF(Tabelle1[Prio]=$H$10,Tabelle1[Pos.Preis])))} -> 0 | K31: {=SUM(IF(Tabelle1[Raum]=$B31,IF(Tabelle1[Prio]=$K$10,Tabelle1[Pos.Preis])))} -> 0 | L31: {=SUM(IF(Tabelle1[Raum]=$B31,IF(Tabelle1[Prio]=$L$10,Tabelle1[Pos.Preis])))} -> 30 | M31: {=SUM(IF(Tabelle1[Raum]=B31,Tabelle1[Pos.Preis]))} -> 30
A32: KG | B32: Keller 2 | H32: {=SUM(IF(Tabelle1[Raum]=B32,IF(Tabelle1[Prio]=$H$10,Tabelle1[Pos.Preis])))} -> 0 | K32: {=SUM(IF(Tabelle1[Raum]=$B32,IF(Tabelle1[Prio]=$K$10,Tabelle1[Pos.Preis])))} -> 0 | L32: {=SUM(IF(Tabelle1[Raum]=$B32,IF(Tabelle1[Prio]=$L$10,Tabelle1[Pos.Preis])))} -> 10 | M32: {=SUM(IF(Tabelle1[Raum]=B32,Tabelle1[Pos.Preis]))} -> 10
A33: KG | B33: Lager | H33: {=SUM(IF(Tabelle1[Raum]=B33,IF(Tabelle1[Prio]=$H$10,Tabelle1[Pos.Preis])))} -> 0 | K33: {=SUM(IF(Tabelle1[Raum]=$B33,IF(Tabelle1[Prio]=$K$10,Tabelle1[Pos.Preis])))} -> 0 | L33: {=SUM(IF(Tabelle1[Raum]=$B33,IF(Tabelle1[Prio]=$L$10,Tabelle1[Pos.Preis])))} -> 10 | M33: {=SUM(IF(Tabelle1[Raum]=B33,Tabelle1[Pos.Preis]))} -> 10
A34: SF | B34: Garage | H34: {=SUM(IF(Tabelle1[Raum]=B34,IF(Tabelle1[Prio]=$H$10,Tabelle1[Pos.Preis])))} -> 2760 | K34: {=SUM(IF(Tabelle1[Raum]=$B34,IF(Tabelle1[Prio]=$K$10,Tabelle1[Pos.Preis])))} -> 0 | L34: {=SUM(IF(Tabelle1[Raum]=$B34,IF(Tabelle1[Prio]=$L$10,Tabelle1[Pos.Preis])))} -> 0 | M34: {=SUM(IF(Tabelle1[Raum]=B34,Tabelle1[Pos.Preis]))} -> 2760
A35: SF | B35: Balkon | H35: {=SUM(IF(Tabelle1[Raum]=B35,IF(Tabelle1[Prio]=$H$10,Tabelle1[Pos.Preis])))} -> 0 | K35: {=SUM(IF(Tabelle1[Raum]=$B35,IF(Tabelle1[Prio]=$K$10,Tabelle1[Pos.Preis])))} -> 0 | L35: {=SUM(IF(Tabelle1[Raum]=$B35,IF(Tabelle1[Prio]=$L$10,Tabelle1[Pos.Preis])))} -> 2 | M35: {=SUM(IF(Tabelle1[Raum]=B35,Tabelle1[Pos.Preis]))} -> 2
A36: SF | B36: Terrasse | H36: {=SUM(IF(Tabelle1[Raum]=B36,IF(Tabelle1[Prio]=$H$10,Tabelle1[Pos.Preis])))} -> 0 | K36: {=SUM(IF(Tabelle1[Raum]=$B36,IF(Tabelle1[Prio]=$K$10,Tabelle1[Pos.Preis])))} -> 0 | L36: {=SUM(IF(Tabelle1[Raum]=$B36,IF(Tabelle1[Prio]=$L$10,Tabelle1[Pos.Preis])))} -> 0 | M36: {=SUM(IF(Tabelle1[Raum]=B36,Tabelle1[Pos.Preis]))} -> 0
B37: Gesamt | H37: =SUM(H11:H36) -> 32800.81 | K37: =SUM(K11:K36) -> 380 | L37: =SUM(L11:L36) -> 490.3 | M37: =SUM(M11:M36) -> 33671.11
B38: =Flächen!$G$34 -> 322.35 | M38: =M37/B38 -> 104.45513
A40: PosNr | B40: Prio | C40: Ebene | D40: Raum | E40: Gewerk | F40: Anz. | G40: EH | H40: Position | I40: Beschreibung | J40: Zeit | K40: EH-Arbeit | L40: Arbeit | M40: EH-Material2 | N40: Material | O40: Pos.Preis
A41: 2 | B41: - | F41: Teichzimmer
A42: 2_1 | B42: Hoch | C42: EG | D42: Teichzimmer | E42: BAUMEISTER | F42: =Flächen!F11 -> 12.21 | G42: m² | H42: Decke GKP | I42: 9,5 mm | J42: 2 | K42: 20 | L42: =Tabelle1[[#This Row],[Anz.]]*Tabelle1[[#This Row],[EH-Arbeit]] -> 244.2 | M42: 5 | N42: =Tabelle1[[#This Row],[Anz.]]+Tabelle1[[#This Row],[EH-Material2]] -> 17.21 | O42: =(Tabelle1[[#This Row],[EH-Material2]]+Tabelle1[[#This Row],[EH-Arbeit]])*Tabelle1[[#This Row],[Anz.]] -> 305.25
A43: 2_4 | B43: Hoch | C43: EG | D43: Teichzimmer | E43: ELEKTRO | F43: 1 | G43: Stk. | H43: Beleuchtung | I43: Deckenlicht - Fassung | J43: 0.25 | K43: 5 | L43: =Tabelle1[[#This Row],[Anz.]]*Tabelle1[[#This Row],[EH-Arbeit]] -> 5 | M43: 6 | N43: =Tabelle1[[#This Row],[Anz.]]+Tabelle1[[#This Row],[EH-Material2]] -> 7 | O43: =(Tabelle1[[#This Row],[EH-Material2]]+Tabelle1[[#This Row],[EH-Arbeit]])*Tabelle1[[#This Row],[Anz.]] -> 11
A44: 2_5 | B44: Hoch | C44: EG | D44: Teichzimmer | E44: MALER | F44: 1 | G44: Stk. | H44: Heizkörper lackieren | I44: weiss | J44: 0.25 | K44: 23 | L44: =Tabelle1[[#This Row],[Anz.]]*Tabelle1[[#This Row],[EH-Arbeit]] -> 23 | M44: 12 | N44: =Tabelle1[[#This Row],[Anz.]]+Tabelle1[[#This Row],[EH-Material2]] -> 13 | O44: =(Tabelle1[[#This Row],[EH-Material2]]+Tabelle1[[#This Row],[EH-Arbeit]])*Tabelle1[[#This Row],[Anz.]] -> 35
A45: 2_6 | B45: Hoch | C45: EG | D45: Teichzimmer | E45: MALER | F45: =Flächen!F11 -> 12.21 | G45: m² | H45: Spachteln | I45: Klimaglätte | J45: 1.5 | K45: 35 | L45: =Tabelle1[[#This Row],[Anz.]]*Tabelle1[[#This Row],[EH-Arbeit]] -> 427.35 | M45: 3 | N45: =Tabelle1[[#This Row],[Anz.]]+Tabelle1[[#This Row],[EH-Material2]] -> 15.21 | O45: =(Tabelle1[[#This Row],[EH-Material2]]+Tabelle1[[#This Row],[EH-Arbeit]])*Tabelle1[[#This Row],[Anz.]] -> 463.98
A46: 2_7 | B46: Hoch | C46: EG | D46: Teichzimmer | E46: ELEKTRO | F46: =Flächen!F11 -> 12.21 | G46: m² | H46: Rohinstallation | I46: Kabel u. UP - Dosen | J46: 0.25 | K46: 6 | L46: =Tabelle1[[#This Row],[Anz.]]*Tabelle1[[#This Row],[EH-Arbeit]] -> 73.26 | M46: 4 | N46: =Tabelle1[[#This Row],[Anz.]]+Tabelle1[[#This Row],[EH-Material2]] -> 16.21 | O46: =(Tabelle1[[#This Row],[EH-Material2]]+Tabelle1[[#This Row],[EH-Arbeit]])*Tabelle1[[#This Row],[Anz.]] -> 122.1
A47: 2_8 | B47: Hoch | C47: EG | D47: Teichzimmer | E47: ELEKTRO | F47: 1 | G47: Stk. | H47: Schalter | I47: Schalter Einsatz neu | J47: 0.25 | K47: 10 | L47: =Tabelle1[[#This Row],[Anz.]]*Tabelle1[[#This Row],[EH-Arbeit]] -> 10 | M47: 2 | N47: =Tabelle1[[#This Row],[Anz.]]+Tabelle1[[#This Row],[EH-Material2]] -> 3 | O47: =(Tabelle1[[#This Row],[EH-Material2]]+Tabelle1[[#This Row],[EH-Arbeit]])*Tabelle1[[#This Row],[Anz.]] -> 12
A48: 2_9 | B48: Hoch | C48: EG | D48: Teichzimmer | E48: ELEKTRO | F48: 2 | G48: Stk. | H48: Stecker | I48: Stecker Einsatz neu | J48: 0.25 | K48: 10 | L48: =Tabelle1[[#This Row],[Anz.]]*Tabelle1[[#This Row],[EH-Arbeit]] -> 20 | M48: 2 | N48: =Tabelle1[[#This Row],[Anz.]]+Tabelle1[[#This Row],[EH-Material2]] -> 4 | O48: =(Tabelle1[[#This Row],[EH-Material2]]+Tabelle1[[#This Row],[EH-Arbeit]])*Tabelle1[[#This Row],[Anz.]] -> 24
A49: 2_10 | B49: Hoch | C49: EG | D49: Teichzimmer | E49: ELEKTRO | F49: 3 | G49: Stk. | H49: Rahmen | I49: Schalter - Stecker Rahmen neu | J49: 0.25 | K49: 3 | L49: =Tabelle1[[#This Row],[Anz.]]*Tabelle1[[#This Row],[EH-Arbeit]] -> 9 | M49: 2 | N49: =Tabelle1[[#This Row],[Anz.]]+Tabelle1[[#This Row],[EH-Material2]] -> 5 | O49: =(Tabelle1[[#This Row],[EH-Material2]]+Tabelle1[[#This Row],[EH-Arbeit]])*Tabelle1[[#This Row],[Anz.]] -> 15
A50: 2_11 | B50: Hoch | C50: EG | D50: Teichzimmer | E50: MALER | F50: =Flächen!F11 -> 12.21 | G50: m² | H50: Malen | I50: Dispersion weiss | J50: 1 | K50: 17 | L50: =Tabelle1[[#This Row],[Anz.]]*Tabelle1[[#This Row],[EH-Arbeit]] -> 207.57 | M50: 5 | N50: =Tabelle1[[#This Row],[Anz.]]+Tabelle1[[#This Row],[EH-Material2]] -> 17.21 | O50: =(Tabelle1[[#This Row],[EH-Material2]]+Tabelle1[[#This Row],[EH-Arbeit]])*Tabelle1[[#This Row],[Anz.]] -> 268.62
A51: 2_12 | B51: Hoch | C51: EG | D51: Teichzimmer | E51: MALER | F51: 8 | G51: m² | H51: Ereigniswand | J51: 1 | K51: 12 | L51: =Tabelle1[[#This Row],[Anz.]]*Tabelle1[[#This Row],[EH-Arbeit]] -> 96 | M51: 11 | N51: =Tabelle1[[#This Row],[Anz.]]+Tabelle1[[#This Row],[EH-Material2]] -> 19 | O51: =(Tabelle1[[#This Row],[EH-Material2]]+Tabelle1[[#This Row],[EH-Arbeit]])*Tabelle1[[#This Row],[Anz.]] -> 184
A52: 2_13 | B52: Hoch | C52: EG | D52: Teichzimmer | E52: BODEN - & WANDBELÄGE | F52: =Flächen!F11 -> 12.21 | G52: m² | H52: Vinylboden | I52: inkl. Unterlagsmatten, Sockelleisten und Übergangsschienen | J52: 4 | K52: 19 | L52: =Tabelle1[[#This Row],[Anz.]]*Tabelle1[[#This Row],[EH-Arbeit]] -> 231.99 | M52: 35 | N52: =Tabelle1[[#This Row],[Anz.]]+Tabelle1[[#This Row],[EH-Material2]] -> 47.21 | O52: =(Tabelle1[[#This Row],[EH-Material2]]+Tabelle1[[#This Row],[EH-Arbeit]])*Tabelle1[[#This Row],[Anz.]] -> 659.34
A53: 2_14 | B53: Hoch | C53: EG | D53: Teichzimmer | E53: TUEREN | F53: 1 | G53: Stk. | H53: Innentür | I53: abbrechen und weiss, glatt inkl. Zarge und Drücker | J53: 1.5 | K53: 80 | L53: =Tabelle1[[#This Row],[Anz.]]*Tabelle1[[#This Row],[EH-Arbeit]] -> 80 | M53: 300 | N53: =Tabelle1[[#This Row],[Anz.]]+Tabelle1[[#This Row],[EH-Material2]] -> 301 | O53: =(Tabelle1[[#This Row],[EH-Material2]]+Tabelle1[[#This Row],[EH-Arbeit]])*Tabelle1[[#This Row],[Anz.]] -> 380
A54: 2_15 | B54: Hoch | C54: EG | D54: Teichzimmer | E54: HEIZUNG | F54: 1 | G54: Stk. | H54: Steuerung | I54: Ventilköpe neu | J54: 0.15 | K54: 5 | L54: =Tabelle1[[#This Row],[Anz.]]*Tabelle1[[#This Row],[EH-Arbeit]] -> 5 | M54: 15 | N54: =Tabelle1[[#This Row],[Anz.]]+Tabelle1[[#This Row],[EH-Material2]] -> 16 | O54: =(Tabelle1[[#This Row],[EH-Material2]]+Tabelle1[[#This Row],[EH-Arbeit]])*Tabelle1[[#This Row],[Anz.]] -> 20
A55: 5 | B55: - | F55: Garagenzimmer
A56: 5_1 | B56: Hoch | C56: EG | D56: Garagenzimmer | E56: BAUMEISTER | F56: =Flächen!F13 -> 14 | G56: m² | H56: Decke GKP | I56: 9,5 mm | J56: 2 | K56: 20 | L56: =Tabelle1[[#This Row],[Anz.]]*Tabelle1[[#This Row],[EH-Arbeit]] -> 280 | M56: 5 | N56: =Tabelle1[[#This Row],[Anz.]]+Tabelle1[[#This Row],[EH-Material2]] -> 19 | O56: =(Tabelle1[[#This Row],[EH-Material2]]+Tabelle1[[#This Row],[EH-Arbeit]])*Tabelle1[[#This Row],[Anz.]] -> 350
A57: 5_4 | B57: Hoch | C57: EG | D57: Garagenzimmer | E57: ELEKTRO | F57: 1 | G57: Stk. | H57: Beleuchtung | I57: Deckenlicht - Fassung | J57: 0.25 | K57: 5 | L57: =Tabelle1[[#This Row],[Anz.]]*Tabelle1[[#This Row],[EH-Arbeit]] -> 5 | M57: 6 | N57: =Tabelle1[[#This Row],[Anz.]]+Tabelle1[[#This Row],[EH-Material2]] -> 7 | O57: =(Tabelle1[[#This Row],[EH-Material2]]+Tabelle1[[#This Row],[EH-Arbeit]])*Tabelle1[[#This Row],[Anz.]] -> 11
A58: 5_5 | B58: Hoch | C58: EG | D58: Garagenzimmer | E58: MALER | F58: 1 | G58: Stk. | H58: Heizkörper lackieren | I58: weiss | J58: 0.25 | K58: 23 | L58: =Tabelle1[[#This Row],[Anz.]]*Tabelle1[[#This Row],[EH-Arbeit]] -> 23 | M58: 12 | N58: =Tabelle1[[#This Row],[Anz.]]+Tabelle1[[#This Row],[EH-Material2]] -> 13 | O58: =(Tabelle1[[#This Row],[EH-Material2]]+Tabelle1[[#This Row],[EH-Arbeit]])*Tabelle1[[#This Row],[Anz.]] -> 35
A59: 5_6 | B59: Hoch | C59: EG | D59: Garagenzimmer | E59: MALER | F59: =Flächen!F13 -> 14 | G59: m² | H59: Spachteln | I59: Klimaglätte | J59: 3 | K59: 8 | L59: =Tabelle1[[#This Row],[Anz.]]*Tabelle1[[#This Row],[EH-Arbeit]] -> 112 | M59: 3 | N59: =Tabelle1[[#This Row],[Anz.]]+Tabelle1[[#This Row],[EH-Material2]] -> 17 | O59: =(Tabelle1[[#This Row],[EH-Material2]]+Tabelle1[[#This Row],[EH-Arbeit]])*Tabelle1[[#This Row],[Anz.]] -> 154
A60: 5_7 | B60: Hoch | C60: EG | D60: Garagenzimmer | E60: ELEKTRO | F60: =Flächen!F13 -> 14 | G60: m² | H60: Rohinstallation | I60: Kabel u. UP - Dosen | J60: 0.25 | K60: 6 | L60: =Tabelle1[[#This Row],[Anz.]]*Tabelle1[[#This Row],[EH-Arbeit]] -> 84 | M60: 4 | N60: =Tabelle1[[#This Row],[Anz.]]+Tabelle1[[#This Row],[EH-Material2]] -> 18 | O60: =(Tabelle1[[#This Row],[EH-Material2]]+Tabelle1[[#This Row],[EH-Arbeit]])*Tabelle1[[#This Row],[Anz.]] -> 140
A61: 5_8 | B61: Hoch | C61: EG | D61: Garagenzimmer | E61: ELEKTRO | F61: 2 | G61: Stk. | H61: Stecker | I61: Stecker Einsatz neu | J61: 0.25 | K61: 10 | L61: =Tabelle1[[#This Row],[Anz.]]*Tabelle1[[#This Row],[EH-Arbeit]] -> 20 | M61: 2 | N61: =Tabelle1[[#This Row],[Anz.]]+Tabelle1[[#This Row],[EH-Material2]] -> 4 | O61: =(Tabelle1[[#This Row],[EH-Material2]]+Tabelle1[[#This Row],[EH-Arbeit]])*Tabelle1[[#This Row],[Anz.]] -> 24
A62: 5_9 | B62: Hoch | C62: EG | D62: Garagenzimmer | E62: ELEKTRO | F62: 5 | G62: Stk. | H62: Rahmen | I62: Schalter - Stecker Rahmen neu | J62: 0.25 | K62: 3 | L62: =Tabelle1[[#This Row],[Anz.]]*Tabelle1[[#This Row],[EH-Arbeit]] -> 15 | M62: 2 | N62: =Tabelle1[[#This Row],[Anz.]]+Tabelle1[[#This Row],[EH-Material2]] -> 7 | O62: =(Tabelle1[[#This Row],[EH-Material2]]+Tabelle1[[#This Row],[EH-Arbeit]])*Tabelle1[[#This Row],[Anz.]] -> 25
A63: 5_10 | B63: Hoch | C63: EG | D63: Garagenzimmer | E63: MALER | F63: =Flächen!F13 -> 14 | G63: m² | H63: Malen | I63: Dispersion weiss | J63: 1 | K63: 17 | L63: =Tabelle1[[#This Row],[Anz.]]*Tabelle1[[#This Row],[EH-Arbeit]] -> 238 | M63: 5 | N63: =Tabelle1[[#This Row],[Anz.]]+Tabelle1[[#This Row],[EH-Material2]] -> 19 | O63: =(Tabelle1[[#This Row],[EH-Material2]]+Tabelle1[[#This Row],[EH-Arbeit]])*Tabelle1[[#This Row],[Anz.]] -> 308
A64: 5_11 | B64: Hoch | C64: EG | D64: Garagenzimmer | E64: MALER | F64: 12 | G64: m² | H64: Ereigniswand | J64: 1 | K64: 12 | L64: =Tabelle1[[#This Row],[Anz.]]*Tabelle1[[#This Row],[EH-Arbeit]] -> 144 | M64: 11 | N64: =Tabelle1[[#This Row],[Anz.]]+Tabelle1[[#This Row],[EH-Material2]] -> 23 | O64: =(Tabelle1[[#This Row],[EH-Material2]]+Tabelle1[[#This Row],[EH-Arbeit]])*Tabelle1[[#This Row],[Anz.]] -> 276
A65: 5_12 | B65: Hoch | C65: EG | D65: Garagenzimmer | E65: BODEN - & WANDBELÄGE | F65: =Flächen!F13 -> 14 | G65: m² | H65: Vinylboden | I65: inkl. Unterlagsmatten, Sockelleisten und Übergangsschienen | J65: 4 | K65: 19 | L65: =Tabelle1[[#This Row],[Anz.]]*Tabelle1[[#This Row],[EH-Arbeit]] -> 266 | M65: 35 | N65: =Tabelle1[[#This Row],[Anz.]]+Tabelle1[[#This Row],[EH-Material2]] -> 49 | O65: =(Tabelle1[[#This Row],[EH-Material2]]+Tabelle1[[#This Row],[EH-Arbeit]])*Tabelle1[[#This Row],[Anz.]] -> 756
A66: 5_13 | B66: Hoch | C66: EG | D66: Garagenzimmer | E66: TUEREN | F66: 1 | G66: Stk. | H66: Innentür | I66: abbrechen und weiss, glatt inkl. Zarge und Drücker | J66: 1.5 | K66: 80 | L66: =Tabelle1[[#This Row],[Anz.]]*Tabelle1[[#This Row],[EH-Arbeit]] -> 80 | M66: 300 | N66: =Tabelle1[[#This Row],[Anz.]]+Tabelle1[[#This Row],[EH-Material2]] -> 301 | O66: =(Tabelle1[[#This Row],[EH-Material2]]+Tabelle1[[#This Row],[EH-Arbeit]])*Tabelle1[[#This Row],[Anz.]] -> 380
A67: 5_14 | B67: Hoch | C67: EG | D67: Garagenzimmer | E67: HEIZUNG | F67: 1 | G67: Stk. | H67: Steuerung | I67: Ventilköpe neu | J67: 0.15 | K67: 5 | L67: =Tabelle1[[#This Row],[Anz.]]*Tabelle1[[#This Row],[EH-Arbeit]] -> 5 | M67: 15 | N67: =Tabelle1[[#This Row],[Anz.]]+Tabelle1[[#This Row],[EH-Material2]] -> 16 | O67: =(Tabelle1[[#This Row],[EH-Material2]]+Tabelle1[[#This Row],[EH-Arbeit]])*Tabelle1[[#This Row],[Anz.]] -> 20
A68: 6 | B68: - | F68: Küche
A69: 6_1 | B69: Hoch | C69: EG | D69: Küche | E69: BAUMEISTER | F69: 12 | G69: m² | H69: Decke GKP | I69: 9,5 mm | J69: 2 | K69: 20 | L69: =Tabelle1[[#This Row],[Anz.]]*Tabelle1[[#This Row],[EH-Arbeit]] -> 240 | M69: 5 | N69: =Tabelle1[[#This Row],[Anz.]]+Tabelle1[[#This Row],[EH-Material2]] -> 17 | O69: =(Tabelle1[[#This Row],[EH-Material2]]+Tabelle1[[#This Row],[EH-Arbeit]])*Tabelle1[[#This Row],[Anz.]] -> 300
A70: 6_2 | B70: Hoch | C70: EG | D70: Küche | E70: ELEKTRO | F70: 1 | G70: Stk. | H70: Beleuchtung | I70: Deckenlicht - Fassung | J70: 0.25 | K70: 5 | L70: =Tabelle1[[#This Row],[Anz.]]*Tabelle1[[#This Row],[EH-Arbeit]] -> 5 | M70: 6 | N70: =Tabelle1[[#This Row],[Anz.]]+Tabelle1[[#This Row],[EH-Material2]] -> 7 | O70: =(Tabelle1[[#This Row],[EH-Material2]]+Tabelle1[[#This Row],[EH-Arbeit]])*Tabelle1[[#This Row],[Anz.]] -> 11
A71: 6_3 | B71: Hoch | C71: EG | D71: Küche | E71: MALER | F71: 1 | G71: Stk. | H71: Heizkörper lackieren | I71: weiss | J71: 0.25 | K71: 23 | L71: =Tabelle1[[#This Row],[Anz.]]*Tabelle1[[#This Row],[EH-Arbeit]] -> 23 | M71: 12 | N71: =Tabelle1[[#This Row],[Anz.]]+Tabelle1[[#This Row],[EH-Material2]] -> 13 | O71: =(Tabelle1[[#This Row],[EH-Material2]]+Tabelle1[[#This Row],[EH-Arbeit]])*Tabelle1[[#This Row],[Anz.]] -> 35
A72: 6_4 | B72: Hoch | C72: EG | D72: Küche | E72: MALER | F72: =Flächen!F7 -> 12.23 | G72: m² | H72: Spachteln | I72: Klimaglätte | J72: 2 | K72: 8 | L72: =Tabelle1[[#This Row],[Anz.]]*Tabelle1[[#This Row],[EH-Arbeit]] -> 97.84 | M72: 3 | N72: =Tabelle1[[#This Row],[Anz.]]+Tabelle1[[#This Row],[EH-Material2]] -> 15.23 | O72: =(Tabelle1[[#This Row],[EH-Material2]]+Tabelle1[[#This Row],[EH-Arbeit]])*Tabelle1[[#This Row],[Anz.]] -> 134.53
A73: 6_5 | B73: Hoch | C73: EG | D73: Küche | E73: ELEKTRO | F73: =Flächen!F7 -> 12.23 | G73: m² | H73: Rohinstallation | I73: Kabel u. UP - Dosen | J73: 0.25 | K73: 6 | L73: =Tabelle1[[#This Row],[Anz.]]*Tabelle1[[#This Row],[EH-Arbeit]] -> 73.38 | M73: 4 | N73: =Tabelle1[[#This Row],[Anz.]]+Tabelle1[[#This Row],[EH-Material2]] -> 16.23 | O73: =(Tabelle1[[#This Row],[EH-Material2]]+Tabelle1[[#This Row],[EH-Arbeit]])*Tabelle1[[#This Row],[Anz.]] -> 122.3
A74: 6_6 | B74: Hoch | C74: EG | D74: Küche | E74: ELEKTRO | F74: 2 | G74: Stk. | H74: Stecker | I74: Stecker Einsatz neu | J74: 0.25 | K74: 10 | L74: =Tabelle1[[#This Row],[Anz.]]*Tabelle1[[#This Row],[EH-Arbeit]] -> 20 | M74: 2 | N74: =Tabelle1[[#This Row],[Anz.]]+Tabelle1[[#This Row],[EH-Material2]] -> 4 | O74: =(Tabelle1[[#This Row],[EH-Material2]]+Tabelle1[[#This Row],[EH-Arbeit]])*Tabelle1[[#This Row],[Anz.]] -> 24
A75: 6_7 | B75: Hoch | C75: EG | D75: Küche | E75: ELEKTRO | F75: 6 | G75: Stk. | H75: Rahmen | I75: Schalter - Stecker Rahmen neu | J75: 0.25 | K75: 3 | L75: =Tabelle1[[#This Row],[Anz.]]*Tabelle1[[#This Row],[EH-Arbeit]] -> 18 | M75: 2 | N75: =Tabelle1[[#This Row],[Anz.]]+Tabelle1[[#This Row],[EH-Material2]] -> 8 | O75: =(Tabelle1[[#This Row],[EH-Material2]]+Tabelle1[[#This Row],[EH-Arbeit]])*Tabelle1[[#This Row],[Anz.]] -> 30
A76: 6_8 | B76: Hoch | C76: EG | D76: Küche | E76: MALER | F76: =Flächen!F7 -> 12.23 | G76: m² | H76: Malen | I76: Dispersion gelb | J76: 1 | K76: 17 | L76: =Tabelle1[[#This Row],[Anz.]]*Tabelle1[[#This Row],[EH-Arbeit]] -> 207.91 | M76: 5 | N76: =Tabelle1[[#This Row],[Anz.]]+Tabelle1[[#This Row],[EH-Material2]] -> 17.23 | O76: =(Tabelle1[[#This Row],[EH-Material2]]+Tabelle1[[#This Row],[EH-Arbeit]])*Tabelle1[[#This Row],[Anz.]] -> 269.06
A77: 6_9 | B77: Hoch | C77: EG | D77: Küche | E77: BODEN - & WANDBELÄGE | F77: =Flächen!F7 -> 12.23 | G77: m² | H77: Vinylboden | I77: inkl. Unterlagsmatten, Sockelleisten und Übergangsschienen | J77: 3 | K77: 19 | L77: =Tabelle1[[#This Row],[Anz.]]*Tabelle1[[#This Row],[EH-Arbeit]] -> 232.37 | M77: 35 | N77: =Tabelle1[[#This Row],[Anz.]]+Tabelle1[[#This Row],[EH-Material2]] -> 47.23 | O77: =(Tabelle1[[#This Row],[EH-Material2]]+Tabelle1[[#This Row],[EH-Arbeit]])*Tabelle1[[#This Row],[Anz.]] -> 660.42
A78: 6_10 | B78: Hoch | C78: EG | D78: Küche | E78: TUEREN | F78: 1 | G78: Stk. | H78: Schiebetür | I78: weiss, glatt, | J78: 1 | K78: 110 | L78: =Tabelle1[[#This Row],[Anz.]]*Tabelle1[[#This Row],[EH-Arbeit]] -> 110 | M78: 150 | N78: =Tabelle1[[#This Row],[Anz.]]+Tabelle1[[#This Row],[EH-Material2]] -> 151 | O78: =(Tabelle1[[#This Row],[EH-Material2]]+Tabelle1[[#This Row],[EH-Arbeit]])*Tabelle1[[#This Row],[Anz.]] -> 260
A79: 6_11 | B79: Hoch | C79: EG | D79: Küche | E79: EINRICHTUNG | F79: 25 | G79: Stk. | H79: Griffe auswechseln | I79: Küche | J79: 1 | K79: 5 | L79: =Tabelle1[[#This Row],[Anz.]]*Tabelle1[[#This Row],[EH-Arbeit]] -> 125 | M79: 20 | N79: =Tabelle1[[#This Row],[Anz.]]+Tabelle1[[#This Row],[EH-Material2]] -> 45 | O79: =(Tabelle1[[#This Row],[EH-Material2]]+Tabelle1[[#This Row],[EH-Arbeit]])*Tabelle1[[#This Row],[Anz.]] -> 625
A80: 6_12 | B80: Hoch | C80: EG | D80: Küche | E80: BODEN - & WANDBELÄGE | F80: 6 | G80: m² | H80: Arbeitsfläche - Wand neu | I80: Fliesen auf Fliese | J80: 2 | K80: 35 | L80: =Tabelle1[[#This Row],[Anz.]]*Tabelle1[[#This Row],[EH-Arbeit]] -> 210 | M80: 20 | N80: =Tabelle1[[#This Row],[Anz.]]+Tabelle1[[#This Row],[EH-Material2]] -> 26 | O80: =(Tabelle1[[#This Row],[EH-Material2]]+Tabelle1[[#This Row],[EH-Arbeit]])*Tabelle1[[#This Row],[Anz.]] -> 330
A81: 6_13 | B81: Hoch | C81: EG | D81: Küche | E81: EINRICHTUNG | F81: 1 | G81: Stk. | H81: Arbeitsflächenbeleuchtung | I81: Küche | J81: 1 | K81: 30 | L81: =Tabelle1[[#This Row],[Anz.]]*Tabelle1[[#This Row],[EH-Arbeit]] -> 30 | M81: 110 | N81: =Tabelle1[[#This Row],[Anz.]]+Tabelle1[[#This Row],[EH-Material2]] -> 111 | O81: =(Tabelle1[[#This Row],[EH-Material2]]+Tabelle1[[#This Row],[EH-Arbeit]])*Tabelle1[[#This Row],[Anz.]] -> 140
A82: 6_15 | B82: Hoch | C82: EG | D82: Küche | E82: HEIZUNG | F82: 1 | G82: Stk. | H82: Steuerung | I82: Ventilköpe neu | J82: 0.15 | K82: 5 | L82: =Tabelle1[[#This Row],[Anz.]]*Tabelle1[[#This Row],[EH-Arbeit]] -> 5 | M82: 15 | N82: =Tabelle1[[#This Row],[Anz.]]+Tabelle1[[#This Row],[EH-Material2]] -> 16 | O82: =(Tabelle1[[#This Row],[EH-Material2]]+Tabelle1[[#This Row],[EH-Arbeit]])*Tabelle1[[#This Row],[Anz.]] -> 20
A83: 7 | B83: - | F83: Essen / Wohnen
A84: 7_1 | B84: Hoch | C84: EG | D84: Essen / Wohnen | E84: BAUMEISTER | F84: 1 | G84: Pa. | H84: Abbruch 3x Spotkassette | J84: 0.5 | K84: 30 | L84: =Tabelle1[[#This Row],[Anz.]]*Tabelle1[[#This Row],[EH-Arbeit]] -> 30 | M84: 35 | N84: =Tabelle1[[#This Row],[Anz.]]+Tabelle1[[#This Row],[EH-Material2]] -> 36 | O84: =(Tabelle1[[#This Row],[EH-Material2]]+Tabelle1[[#This Row],[EH-Arbeit]])*Tabelle1[[#This Row],[Anz.]] -> 65
A85: 7_2 | B85: Hoch | C85: EG | D85: Essen / Wohnen | E85: ELEKTRO | F85: 1 | G85: Stk. | H85: Beleuchtung | I85: Deckenlicht - Fassung | J85: 0.25 | K85: 5 | L85: =Tabelle1[[#This Row],[Anz.]]*Tabelle1[[#This Row],[EH-Arbeit]] -> 5 | M85: 6 | N85: =Tabelle1[[#This Row],[Anz.]]+Tabelle1[[#This Row],[EH-Material2]] -> 7 | O85: =(Tabelle1[[#This Row],[EH-Material2]]+Tabelle1[[#This Row],[EH-Arbeit]])*Tabelle1[[#This Row],[Anz.]] -> 11
A86: 7_3 | B86: Hoch | C86: EG | D86: Essen / Wohnen | E86: MALER | F86: 1 | G86: Stk. | H86: Heizkörper lackieren | I86: weiss | J86: 0.25 | K86: 23 | L86: =Tabelle1[[#This Row],[Anz.]]*Tabelle1[[#This Row],[EH-Arbeit]] -> 23 | M86: 12 | N86: =Tabelle1[[#This Row],[Anz.]]+Tabelle1[[#This Row],[EH-Material2]] -> 13 | O86: =(Tabelle1[[#This Row],[EH-Material2]]+Tabelle1[[#This Row],[EH-Arbeit]])*Tabelle1[[#This Row],[Anz.]] -> 35
A87: 7_4 | B87: Hoch | C87: EG | D87: Essen / Wohnen | E87: MALER | F87: =Flächen!F8 -> 39.65 | G87: m² | H87: Spachteln | I87: Klimaglätte | J87: 3 | K87: 8 | L87: =Tabelle1[[#This Row],[Anz.]]*Tabelle1[[#This Row],[EH-Arbeit]] -> 317.2 | M87: 3 | N87: =Tabelle1[[#This Row],[Anz.]]+Tabelle1[[#This Row],[EH-Material2]] -> 42.65 | O87: =(Tabelle1[[#This Row],[EH-Material2]]+Tabelle1[[#This Row],[EH-Arbeit]])*Tabelle1[[#This Row],[Anz.]] -> 436.15
A88: 7_4 | B88: Hoch | C88: EG | D88: Essen / Wohnen | E88: MALER | F88: 12 | G88: m² | H88: Ereigniswand | J88: 1 | K88: 12 | L88: =Tabelle1[[#This Row],[Anz.]]*Tabelle1[[#This Row],[EH-Arbeit]] -> 144 | M88: 11 | N88: =Tabelle1[[#This Row],[Anz.]]+Tabelle1[[#This Row],[EH-Material2]] -> 23 | O88: =(Tabelle1[[#This Row],[EH-Material2]]+Tabelle1[[#This Row],[EH-Arbeit]])*Tabelle1[[#This Row],[Anz.]] -> 276
A89: 7_4 | B89: Hoch | C89: EG | D89: Essen / Wohnen | E89: MALER | F89: 10 | G89: m² | H89: Ereigniswand | J89: 1 | K89: 12 | L89: =Tabelle1[[#This Row],[Anz.]]*Tabelle1[[#This Row],[EH-Arbeit]] -> 120 | M89: 11 | N89: =Tabelle1[[#This Row],[Anz.]]+Tabelle1[[#This Row],[EH-Material2]] -> 21 | O89: =(Tabelle1[[#This Row],[EH-Material2]]+Tabelle1[[#This Row],[EH-Arbeit]])*Tabelle1[[#This Row],[Anz.]] -> 230
A90: 7_5 | B90: Hoch | C90: EG | D90: Essen / Wohnen | E90: ELEKTRO | F90: =Flächen!F24 -> 9 | G90: m² | H90: Rohinstallation | I90: Kabel u. UP - Dosen | J90: 0.25 | K90: 6 | L90: =Tabelle1[[#This Row],[Anz.]]*Tabelle1[[#This Row],[EH-Arbeit]] -> 54 | M90: 4 | N90: =Tabelle1[[#This Row],[Anz.]]+Tabelle1[[#This Row],[EH-Material2]] -> 13 | O90: =(Tabelle1[[#This Row],[EH-Material2]]+Tabelle1[[#This Row],[EH-Arbeit]])*Tabelle1[[#This Row],[Anz.]] -> 90
A91: 7_6 | B91: Hoch | C91: EG | D91: Essen / Wohnen | E91: ELEKTRO | F91: 2 | G91: Stk. | H91: Stecker | I91: Stecker Einsatz neu | J91: 0.25 | K91: 10 | L91: =Tabelle1[[#This Row],[Anz.]]*Tabelle1[[#This Row],[EH-Arbeit]] -> 20 | M91: 2 | N91: =Tabelle1[[#This Row],[Anz.]]+Tabelle1[[#This Row],[EH-Material2]] -> 4 | O91: =(Tabelle1[[#This Row],[EH-Material2]]+Tabelle1[[#This Row],[EH-Arbeit]])*Tabelle1[[#This Row],[Anz.]] -> 24
A92: 7_7 | B92: Hoch | C92: EG | D92: Essen / Wohnen | E92: ELEKTRO | F92: 8 | G92: Stk. | H92: Rahmen | I92: Schalter - Stecker Rahmen neu | J92: 0.25 | K92: 3 | L92: =Tabelle1[[#This Row],[Anz.]]*Tabelle1[[#This Row],[EH-Arbeit]] -> 24 | M92: 2 | N92: =Tabelle1[[#This Row],[Anz.]]+Tabelle1[[#This Row],[EH-Material2]] -> 10 | O92: =(Tabelle1[[#This Row],[EH-Material2]]+Tabelle1[[#This Row],[EH-Arbeit]])*Tabelle1[[#This Row],[Anz.]] -> 40
A93: 7_9 | B93: Hoch | C93: EG | D93: Essen / Wohnen | E93: BODEN - & WANDBELÄGE | F93: =Flächen!F8 -> 39.65 | G93: m² | H93: Boden abbrechen | J93: 3 | K93: 4 | L93: =Tabelle1[[#This Row],[Anz.]]*Tabelle1[[#This Row],[EH-Arbeit]] -> 158.6 | M93: 2 | N93: =Tabelle1[[#This Row],[Anz.]]+Tabelle1[[#This Row],[EH-Material2]] -> 41.65 | O93: =(Tabelle1[[#This Row],[EH-Material2]]+Tabelle1[[#This Row],[EH-Arbeit]])*Tabelle1[[#This Row],[Anz.]] -> 237.9
A94: 7_12 | B94: Hoch | C94: EG | D94: Essen / Wohnen | E94: FENSTER | F94: 1 | G94: Stk. | H94: Fixferglasung | I94: Esstisch | J94: 1 | K94: 60 | L94: =Tabelle1[[#This Row],[Anz.]]*Tabelle1[[#This Row],[EH-Arbeit]] -> 60 | M94: 330 | N94: =Tabelle1[[#This Row],[Anz.]]+Tabelle1[[#This Row],[EH-Material2]] -> 331 | O94: =(Tabelle1[[#This Row],[EH-Material2]]+Tabelle1[[#This Row],[EH-Arbeit]])*Tabelle1[[#This Row],[Anz.]] -> 390
A95: 7_8 | B95: Hoch | C95: EG | D95: Essen / Wohnen | E95: MALER | F95: =Flächen!F8 -> 39.65 | G95: m² | H95: Malen | I95: Dispersion gelb | J95: 1 | K95: 17 | L95: =Tabelle1[[#This Row],[Anz.]]*Tabelle1[[#This Row],[EH-Arbeit]] -> 674.05 | M95: 5 | N95: =Tabelle1[[#This Row],[Anz.]]+Tabelle1[[#This Row],[EH-Material2]] -> 44.65 | O95: =(Tabelle1[[#This Row],[EH-Material2]]+Tabelle1[[#This Row],[EH-Arbeit]])*Tabelle1[[#This Row],[Anz.]] -> 872.3
A96: 7_9 | B96: Hoch | C96: EG | D96: Essen / Wohnen | E96: BODEN - & WANDBELÄGE | F96: =Flächen!F8 -> 39.65 | G96: m² | H96: Landhausdiele | I96: inkl. Unterlagsmatten, Sockelleisten und Übergangsschienen | J96: 7 | K96: 19 | L96: =Tabelle1[[#This Row],[Anz.]]*Tabelle1[[#This Row],[EH-Arbeit]] -> 753.35 | M96: 55 | N96: =Tabelle1[[#This Row],[Anz.]]+Tabelle1[[#This Row],[EH-Material2]] -> 94.65 | O96: =(Tabelle1[[#This Row],[EH-Material2]]+Tabelle1[[#This Row],[EH-Arbeit]])*Tabelle1[[#This Row],[Anz.]] -> 2934.1
A97: 7_10 | B97: Hoch | C97: EG | D97: Essen / Wohnen | E97: TUEREN | F97: 2 | G97: Stk. | H97: Innentür | I97: lackieren weiss | J97: 2 | K97: 60 | L97: =Tabelle1[[#This Row],[Anz.]]*Tabelle1[[#This Row],[EH-Arbeit]] -> 120 | M97: 25 | N97: =Tabelle1[[#This Row],[Anz.]]+Tabelle1[[#This Row],[EH-Material2]] -> 27 | O97: =(Tabelle1[[#This Row],[EH-Material2]]+Tabelle1[[#This Row],[EH-Arbeit]])*Tabelle1[[#This Row],[Anz.]] -> 170
A98: 7_14 | B98: Hoch | C98: EG | D98: Essen / Wohnen | E98: ELEKTRO | F98: 3 | G98: Stk. | H98: LED-Schiene | I98: Stuck | J98: 2 | K98: 90 | L98: =Tabelle1[[#This Row],[Anz.]]*Tabelle1[[#This Row],[EH-Arbeit]] -> 270 | M98: 75 | N98: =Tabelle1[[#This Row],[Anz.]]+Tabelle1[[#This Row],[EH-Material2]] -> 78 | O98: =(Tabelle1[[#This Row],[EH-Material2]]+Tabelle1[[#This Row],[EH-Arbeit]])*Tabelle1[[#This Row],[Anz.]] -> 495
A99: 7_15 | B99: Hoch | C99: EG | D99: Essen / Wohnen | E99: EINRICHTUNG | F99: 1 | G99: Stk. | H99: Vorhangschiene | I99: Stuck | J99: 1 | K99: 60 | L99: =Tabelle1[[#This Row],[Anz.]]*Tabelle1[[#This Row],[EH-Arbeit]] -> 60 | M99: 70 | N99: =Tabelle1[[#This Row],[Anz.]]+Tabelle1[[#This Row],[EH-Material2]] -> 71 | O99: =(Tabelle1[[#This Row],[EH-Material2]]+Tabelle1[[#This Row],[EH-Arbeit]])*Tabelle1[[#This Row],[Anz.]] -> 130
A100: 7_16 | B100: Hoch | C100: EG | D100: Essen / Wohnen | E100: HEIZUNG | F100: 1 | G100: Stk. | H100: Steuerung | I100: Ventilköpe neu | J100: 0.15 | K100: 5 | L100: =Tabelle1[[#This Row],[Anz.]]*Tabelle1[[#This Row],[EH-Arbeit]] -> 5 | M100: 15 | N100: =Tabelle1[[#This Row],[Anz.]]+Tabelle1[[#This Row],[EH-Material2]] -> 16 | O100: =(Tabelle1[[#This Row],[EH-Material2]]+Tabelle1[[#This Row],[EH-Arbeit]])*Tabelle1[[#This Row],[Anz.]] -> 20
A101: 7_17 | B101: Hoch | C101: EG | D101: Essen / Wohnen | E101: AUSSTATTUNG | F101: 1 | G101: Stk. | H101: Rauchmelder | J101: 0.15 | K101: 10 | L101: =Tabelle1[[#This Row],[Anz.]]*Tabelle1[[#This Row],[EH-Arbeit]] -> 10 | M101: 35 | N101: =Tabelle1[[#This Row],[Anz.]]+Tabelle1[[#This Row],[EH-Material2]] -> 36 | O101: =(Tabelle1[[#This Row],[EH-Material2]]+Tabelle1[[#This Row],[EH-Arbeit]])*Tabelle1[[#This Row],[Anz.]] -> 45
A102: 8 | B102: - | F102: WC
A103: 8_1 | B103: Nieder | C103: EG | D103: WC | E103: BAUMEISTER | F103: 1 | G103: Pa. | H103: Trockenbau | I103: WC Strang verkleiden | J103: 1 | K103: 30 | L103: =Tabelle1[[#This Row],[Anz.]]*Tabelle1[[#This Row],[EH-Arbeit]] -> 30 | M103: 25 | N103: =Tabelle1[[#This Row],[Anz.]]+Tabelle1[[#This Row],[EH-Material2]] -> 26 | O103: =(Tabelle1[[#This Row],[EH-Material2]]+Tabelle1[[#This Row],[EH-Arbeit]])*Tabelle1[[#This Row],[Anz.]] -> 55
A104: 8_2 | B104: Hoch | C104: EG | D104: WC | E104: MALER | F104: 1 | G104: Stk. | H104: Heizkörper lackieren | I104: weiss | J104: 0.25 | K104: 23 | L104: =Tabelle1[[#This Row],[Anz.]]*Tabelle1[[#This Row],[EH-Arbeit]] -> 23 | M104: 12 | N104: =Tabelle1[[#This Row],[Anz.]]+Tabelle1[[#This Row],[EH-Material2]] -> 13 | O104: =(Tabelle1[[#This Row],[EH-Material2]]+Tabelle1[[#This Row],[EH-Arbeit]])*Tabelle1[[#This Row],[Anz.]] -> 35
A105: 8_3 | B105: Hoch | C105: EG | D105: WC | E105: ELEKTRO | F105: 2 | G105: Stk. | H105: Beleuchtung | I105: Deckenlicht - Fassung | J105: 0.25 | K105: 5 | L105: =Tabelle1[[#This Row],[Anz.]]*Tabelle1[[#This Row],[EH-Arbeit]] -> 10 | M105: 6 | N105: =Tabelle1[[#This Row],[Anz.]]+Tabelle1[[#This Row],[EH-Material2]] -> 8 | O105: =(Tabelle1[[#This Row],[EH-Material2]]+Tabelle1[[#This Row],[EH-Arbeit]])*Tabelle1[[#This Row],[Anz.]] -> 22
A106: 8_5 | B106: Hoch | C106: EG | D106: WC | E106: ELEKTRO | F106: 1 | G106: Stk. | H106: Schalter | I106: Schalter Einsatz neu | J106: 0.25 | K106: 10 | L106: =Tabelle1[[#This Row],[Anz.]]*Tabelle1[[#This Row],[EH-Arbeit]] -> 10 | M106: 2 | N106: =Tabelle1[[#This Row],[Anz.]]+Tabelle1[[#This Row],[EH-Material2]] -> 3 | O106: =(Tabelle1[[#This Row],[EH-Material2]]+Tabelle1[[#This Row],[EH-Arbeit]])*Tabelle1[[#This Row],[Anz.]] -> 12
...

Sheet Übersicht
A1: ÜBERSICHT
A5: BAUKOSTEN
B6: Position | E6: erledigt | I6: offen | L6: Gesamt
B7: =Wohnfläche!$A$1 -> WOHNFLÄCHEN | L7: =Wohnfläche!$G$1 -> 36797.4
B8: =Keller!$A$1 -> KELLER | E8: =Keller!$L$7 -> 0.85397978 | I8: =Keller!$L$17 -> 655 | L8: =Keller!$L$21 -> 4485.68
B9: =Terrasse!$A$1 -> TERRASSE | E9: =Terrasse!$Q$6 -> 1 | I9: =Terrasse!$Q$16 -> 0 | L9: =Terrasse!$Q$20 -> 13618.41
B10: =Pergola!$A$1 -> PERGOLA | E10: =Pergola!$Q$6 -> 0.7375932 | I10: =Pergola!$Q$16 -> 1300 | L10: =Pergola!$Q$20 -> 4954.14
B12: GESAMT | L12: =SUM(L7:L11) -> 59855.63

Sheet Wohnfläche
A1: WOHNFLÄCHEN | F1: =G1/Flächen!$G$37 -> 173.62997 | G1: =SUM(G2:G153) -> 36797.4
A2: Abbruch | B2: Entsorgung, Entrümpelung | F2: =G2/Flächen!$G$37 -> 2.6263389 | G2: =SUM(F4:F9) -> 556.6
B3: Rech-Datum | C3: Beschreibung | D3: netto | E3: Ust | F3: brutto
B4: 42760 | C4: AEVG | D4: =F4/(1+E4) -> 3.3333333 | E4: 0.2 | F4: 4
B5: 42768 | C5: AEVG | D5: =F5/(1+E5) -> 25.833333 | E5: 0.2 | F5: 31
B6: 42766 | C6: Saubermacher | D6: =F6/(1+E6) -> 434.66667 | E6: 0.2 | F6: 521.6
D7: =F7/(1+E7) -> 0 | E7: 0.2 | F7: 0
D8: =F8/(1+E8) -> 0 | E8: 0.2 | F8: 0
D9: =F9/(1+E9) -> 0 | E9: 0.2 | F9: 0
A10: Elektro | B10: Elektro Neubauer | F10: =G10/Flächen!$G$37 -> 29.059123 | G10: =SUM(F12:F17) -> 6158.5
B11: Rech-Datum | C11: Beschreibung | D11: netto | E11: Ust | F11: brutto
B12: 42779 | C12: Schalter u Stecker | D12: =F12/(1+E12) -> 1011.6667 | E12: 0.2 | F12: 1214
B13: 42779 | C13: Mehrkosten | D13: =F13/(1+E13) -> 1510.8333 | E13: 0.2 | F13: 1813
B14: 42786 | C14: Mehrkosten | D14: =F14/(1+E14) -> 2469.5833 | E14: 0.2 | F14: 2963.5
B15: 42753 | C15: Solarregler | D15: =F15/(1+E15) -> 140 | E15: 0.2 | F15: 168
D16: =F16/(1+E16) -> 0 | E16: 0.2 | F16: 0
D17: =F17/(1+E17) -> 0 | E17: 0.2 | F17: 0
A18: Boden | B18: Schagerl | F18: =G18/Flächen!$G$37 -> 30.684188 | G18: =SUM(F20:F28) -> 6502.9
B19: Rech-Datum | C19: Beschreibung | D19: netto | E19: Ust | F19: brutto
B20: 42725 | C20: Wohnzimmerboden | D20: =F20/(1+E20) -> 2837.25 | E20: 0.2 | F20: 3404.7
B21: 42738 | C21: Wohnzimmerboden | D21: =F21/(1+E21) -> 1907.5 | E21: 0.2 | F21: 2289
B22: 42738 | C22: Sesselleisten | D22: =F22/(1+E22) -> 250 | E22: 0.2 | F22: 300
B23: 42740 | C23: Sesselleisten | D23: =F23/(1+E23) -> 91.666667 | E23: 0.2 | F23: 110
B24: 42751 | C24: Sesselleisten | D24: =F24/(1+E24) -> 29.5 | E24: 0.2 | F24: 35.4
B25: 42751 | C25: Vinyl | D25: =F25/(1+E25) -> 303.16667 | E25: 0.2 | F25: 363.8
D26: =F26/(1+E26) -> 0 | E26: 0.2 | F26: 0
D27: =F27/(1+E27) -> 0 | E27: 0.2 | F27: 0
D28: =F28/(1+E28) -> 0 | E28: 0.2 | F28: 0
A29: Heizung | B29: Installateur | F29: =G29/Flächen!$G$37 -> 6.5785873 | G29: =SUM(F31:F35) -> 1394.2
B30: Rech-Datum | C30: Beschreibung | D30: netto | E30: Ust | F30: brutto
B31: 42753 | C31: Heizungsanlage | D31: =F31/(1+E31) -> 776 | E31: 0.2 | F31: 931.2
B32: 42786 | C32: Heizungsanlage-Regler | D32: =F32/(1+E32) -> 385.83333 | E32: 0.2 | F32: 463
D33: =F33/(1+E33) -> 0 | E33: 0.2 | F33: 0
D34: =F34/(1+E34) -> 0 | E34: 0.2 | F34: 0
D35: =F35/(1+E35) -> 0 | E35: 0.2 | F35: 0
A36: Sanitär Installation | B36: TFHaustec | F36: =G36/Flächen!$G$37 -> 3.3926296 | G36: =SUM(F38:F41) -> 719
B37: Rech-Datum | C37: Beschreibung | D37: netto | E37: Ust | F37: brutto
B38: 42753 | C38: Rohinstall | D38: =F38/(1+E38) -> 599.16667 | E38: 0.2 | F38: 719
D39: =F39/(1+E39) -> 0 | E39: 0.2 | F39: 0
D40: =F40/(1+E40) -> 0 | E40: 0.2 | F40: 0
D41: =F41/(1+E41) -> 0 | E41: 0.2 | F41: 0
A42: Heizkörper | B42: Infrarot | F42: =G42/Flächen!$G$37 -> 5.7094324 | G42: =SUM(F44:F47) -> 1210
B43: Rech-Datum | C43: Beschreibung | D43: netto | E43: Ust | F43: brutto
B44: 42758 | C44: ELIAS | D44: =F44/(1+E44) -> 458.33333 | E44: 0.2 | F44: 550
B45: 42776 | C45: HEATNESS | D45: =F45/(1+E45) -> 550 | E45: 0.2 | F45: 660
D46: =F46/(1+E46) -> 0 | E46: 0.2 | F46: 0
D47: =F47/(1+E47) -> 0 | E47: 0.2 | F47: 0
A48: Material | B48: Hornbach | F48: =G48/Flächen!$G$37 -> 45.549946 | G48: =SUM(F50:F100) -> 9653.4
B49: Rech-Datum | C49: Beschreibung | D49: netto | E49: Ust | F49: brutto
B50: 42675 | C50: Diverses | D50: =F50/(1+E50) -> 140.25 | E50: 0.2 | F50: 168.3
B51: 42682 | C51: Diverses | D51: =F51/(1+E51) -> 60.833333 | E51: 0.2 | F51: 73
B52: 42686 | C52: Diverses | D52: =F52/(1+E52) -> 5.9166667 | E52: 0.2 | F52: 7.1
B53: 42686 | C53: Diverses | D53: =F53/(1+E53) -> 17.333333 | E53: 0.2 | F53: 20.8
B54: 42688 | C54: Diverses | D54: =F54/(1+E54) -> 76.166667 | E54: 0.2 | F54: 91.4
B55: 42691 | C55: Diverses | D55: =F55/(1+E55) -> 198.58333 | E55: 0.2 | F55: 238.3
B56: 42694 | C56: Diverses | D56: =F56/(1+E56) -> 145.5 | E56: 0.2 | F56: 174.6
B57: 42702 | C57: Diverses | D57: =F57/(1+E57) -> 145.5 | E57: 0.2 | F57: 174.6
B58: 42709 | C58: Diverses | D58: =F58/(1+E58) -> 26.416667 | E58: 0.2 | F58: 31.7
B59: 42711 | C59: Diverses | D59: =F59/(1+E59) -> 995.75 | E59: 0.2 | F59: 1194.9
B60: 42711 | C60: Diverses | D60: =F60/(1+E60) -> 56.666667 | E60: 0.2 | F60: 68
B61: 42712 | C61: Diverses | D61: =F61/(1+E61) -> 60.583333 | E61: 0.2 | F61: 72.7
... B97: 42776 | C97: Diverses | D97: =F97/(1+E97) -> 316.66667 | E97: 0.2 | F97: 380
D98: =F98/(1+E98) -> 0 | E98: 0.2 | F98: 0
D99: =F99/(1+E99) -> 0 | E99: 0.2 | F99: 0
D100: =F100/(1+E100) -> 0 | E100: 0.2 | F100: 0
A101: Material | B101: Bauhaus | F101: =G101/Flächen!$G$37 -> 3.5615533 | G101: =SUM(F103:F111) -> 754.8
B102: Rech-Datum | C102: Beschreibung | D102: netto | E102: Ust | F102: brutto
B103: 42737 | C103: Diverses | D103: =F103/(1+E103) -> 42 | E103: 0.2 | F103: 50.4
B104: 42738 | C104: Diverses | D104: =F104/(1+E104) -> 44.5 | E104: 1.2 | F104: 97.9
B105: 42740 | C105: Diverses | D105: =F105/(1+E105) -> 25 | E105: 2.2 | F105: 80
B106: 42742 | C106: Diverses | D106: =F106/(1+E106) -> 70.428571 | E106: 3.2 | F106: 295.8
B107: 42759 | C107: Diverses | D107: =F107/(1+E107) -> 30.75 | E107: 0.2 | F107: 36.9
B108: 42760 | C108: Diverses | D108: =F108/(1+E108) -> 49.083333 | E108: 0.2 | F108: 58.9
B109: 42769 | C109: Diverses | D109: =F109/(1+E109) -> 112.41667 | E109: 0.2 | F109: 134.9
D110: =F110/(1+E110) -> 0 | E110: 0.2 | F110: 0
D111: =F111/(1+E111) -> 0 | E111: 0.2 | F111: 0
A112: Material | B112: Obi | F112: =G112/Flächen!$G$37 -> 3.9423395 | G112: =SUM(F114:F130) -> 835.5
B113: Rech-Datum | C113: Beschreibung | D113: netto | E113: Ust | F113: brutto
B114: 42700 | C114: Obi | D114: =F114/(1+E114) -> 47.666667 | E114: 0.2 | F114: 57.2
B115: 42714 | C115: Obi | D115: =F115/(1+E115) -> 19.416667 | E115: 0.2 | F115: 23.3
B116: 42686 | C116: Obi | D116: =F116/(1+E116) -> 10.916667 | E116: 0.2 | F116: 13.1
B117: 42721 | C117: Obi | D117: =F117/(1+E117) -> 51.666667 | E117: 0.2 | F117: 62
B118: 42721 | C118: Obi | D118: =F118/(1+E118) -> 72 | E118: 0.2 | F118: 86.4
B119: 42740 | C119: Obi | D119: =F119/(1+E119) -> -20 | E119: 0.2 | F119: -24
B120: 42740 | C120: Obi | D120: =F120/(1+E120) -> 15 | E120: 0.2 | F120: 18
B121: 42755 | C121: Obi | D121: =F121/(1+E121) -> 181.33333 | E121: 0.2 | F121: 217.6
B122: 42763 | C122: Obi | D122: =F122/(1+E122) -> 181.33333 | E122: 0.2 | F122: 217.6
B123: 42763 | C123: Obi | D123: =F123/(1+E123) -> 50 | E123: 0.2 | F123: 60
B124: 42763 | C124: Obi | D124: =F124/(1+E124) -> -56.666667 | E124: 0.2 | F124: -68
B125: 42769 | C125: Obi | D125: =F125/(1+E125) -> 89.166667 | E125: 0.2 | F125: 107
... B128: 42773 | C128: Obi | D128: =F128/(1+E128) -> 6.9166667 | E128: 0.2 | F128: 8.3
D129: =F129/(1+E129) -> 0 | E129: 0.2 | F129: 0
D130: =F130/(1+E130) -> 0 | E130: 0.2 | F130: 0
A131: Arbeit | B131: Miro | F131: =E133 -> 12 | G131: =SUM(F133:F143) -> 2550
B132: Rech-Datum | C132: Beschreibung | D132: Stunden | E132: €/h | F132: gesamt
B133: 42752 | C133: Diverses | D133: 16 | E133: =G131/SUM(D133:D143) -> 12 | F133: 192
B134: 42753 | C134: Diverses | D134: 14 | F134: 168
B135: 42754 | C135: Diverses | D135: 23 | F135: 276
B136: 42755 | C136: Diverses | D136: 26 | F136: 312
B137: 42756 | C137: Diverses | D137: 17 | F137: 204
...

Sheet Keller
A1: KELLER
A4: ALLGEMEIN | D4: Fläche | L4: =Flächen!$G$23 -> 73.36
D5: Material | L5: =SUMIF(Tabelle15[Art],D5,Tabelle15[kg gesamt]) -> 1705
D6: Arbeit | L6: =SUMIF(Tabelle15[Art],D6,Tabelle15[Az]) -> 90
D7: Erledigt | L7: =L13/L21 -> 0.85397978
D8: Offen | L8: =L17/L21 -> 0.14602022
A10: KOSTEN
B11: erledigt | D11: Material | L11: {=SUM(IF(Tabelle15[Status]=$B11,IF(Tabelle15[Art]=D$11,Tabelle15[Preis, brutto])))} -> 1015.89
D12: Arbeit | L12: {=SUM(IF(Tabelle15[Status]=$B11,IF(Tabelle15[Art]=D$12,Tabelle15[Preis, brutto])))} -> 2814.79
D13: Gesamt | L13: =SUM(L11:L12) -> 3830.68
B15: offen | D15: Material | L15: {=SUM(IF(Tabelle15[Status]=$B15,IF(Tabelle15[Art]=D$15,Tabelle15[Preis, brutto])))} -> 200
D16: Arbeit | L16: {=SUM(IF(Tabelle15[Status]=$B15,IF(Tabelle15[Art]=D$16,Tabelle15[Preis, brutto])))} -> 455
D17: Gesamt | L17: =SUM(L15:L16) -> 655
D19: Material | L19: =SUMIF(Tabelle15[Art],D19,Tabelle15[Preis, brutto]) -> 1215.89
D20: Arbeit | L20: =SUMIF(Tabelle15[Art],D20,Tabelle15[Preis, brutto]) -> 3269.79
D21: Gesamt | L21: =SUM(L19:L20) -> 4485.68
A24: KELLER | M24: =SUM(L26:L81) -> 4485.68
A25: Datum | B25: Az | C25: EH | D25: Position | E25: Kostenstelle | F25: Art | G25: Gebinde | H25: kg gesamt | I25: Status | J25: Bezahlung | K25: Pos.Preis | L25: Preis, brutto
A26: 43105 | B26: 4 | C26: h | D26: Verputzen, … | E26: uh | F26: Arbeit | I26: erledigt | K26: 35 | L26: =B26*K26 -> 140
A27: 43108 | B27: 1 | C27: Sk. | D27: Klimaputz | E27: Hornbach | F27: Material | G27: 25 | H27: =Tabelle15[[#This Row],[Az]]*Tabelle15[[#This Row],[Gebinde]] -> 25 | I27: erledigt | J27: Projektkarte | K27: 8.48 | L27: =B27*K27 -> 8.48
A28: 43108 | B28: 1 | C28: Sk. | D28: Klimaglätte | E28: Hornbach | F28: Material | G28: 25 | H28: =Tabelle15[[#This Row],[Az]]*Tabelle15[[#This Row],[Gebinde]] -> 25 | I28: erledigt | J28: Projektkarte | K28: 13.89 | L28: =B28*K28 -> 13.89
A29: 43108 | B29: 1 | C29: Sk. | D29: Klebespachtel | E29: Hornbach | F29: Material | G29: 25 | H29: =Tabelle15[[#This Row],[Az]]*Tabelle15[[#This Row],[Gebinde]] -> 25 | I29: erledigt | J29: Projektkarte | K29: 10.89 | L29: =B29*K29 -> 10.89
A30: 43108 | B30: 1 | C30: Sk. | D30: Feinputz | E30: Hornbach | F30: Material | G30: 25 | H30: =Tabelle15[[#This Row],[Az]]*Tabelle15[[#This Row],[Gebinde]] -> 25 | I30: erledigt | J30: Projektkarte | K30: 12.84 | L30: =B30*K30 -> 12.84
A31: 43108 | B31: 3 | C31: Sk. | D31: Kalkzementputz | E31: Hornbach | F31: Material | G31: 40 | H31: =Tabelle15[[#This Row],[Az]]*Tabelle15[[#This Row],[Gebinde]] -> 120 | I31: erledigt | J31: Projektkarte | K31: 3.09 | L31: =B31*K31 -> 9.27
A32: 43108 | B32: 1 | C32: Geb | D32: Abdichtung | E32: Hornbach | F32: Material | I32: erledigt | J32: Projektkarte | K32: 29.95 | L32: =B32*K32 -> 29.95
A33: 43108 | B33: 1 | C33: Sk. | D33: Zement | E33: Hornbach | F33: Material | G33: 25 | H33: =Tabelle15[[#This Row],[Az]]*Tabelle15[[#This Row],[Gebinde]] -> 25 | I33: erledigt | J33: Projektkarte | K33: 4.9 | L33: =B33*K33 -> 4.9
A34: 43108 | B34: 1 | C34: Pa. | D34: Kleinmaterial | E34: Hornbach | F34: Material | I34: erledigt | J34: Projektkarte | K34: 63.04 | L34: =B34*K34 -> 63.04
A35: 43108 | B35: 13 | C35: h | D35: Verputzen, … | E35: uh | F35: Arbeit | I35: erledigt | K35: 35 | L35: =B35*K35 -> 455
A36: 43109 | B36: 9 | C36: h | D36: Spachteln | E36: uh | F36: Arbeit | I36: erledigt | K36: 35 | L36: =B36*K36 -> 315
A37: 43111 | B37: 1 | C37: Sk. | D37: Klebespachtel | E37: Hornbach | F37: Material | G37: 25 | H37: =Tabelle15[[#This Row],[Az]]*Tabelle15[[#This Row],[Gebinde]] -> 25 | I37: erledigt | J37: Projektkarte | K37: 10.89 | L37: =B37*K37 -> 10.89
A38: 43111 | B38: 4 | C38: Sk. | D38: Kalkzementputz | E38: Hornbach | F38: Material | G38: 40 | H38: =Tabelle15[[#This Row],[Az]]*Tabelle15[[#This Row],[Gebinde]] -> 160 | I38: erledigt | J38: Projektkarte | K38: 3.09 | L38: =B38*K38 -> 12.36
A39: 43111 | B39: 1 | C39: Sk. | D39: Klimaglätte | E39: Hornbach | F39: Material | G39: 25 | H39: =Tabelle15[[#This Row],[Az]]*Tabelle15[[#This Row],[Gebinde]] -> 25 | I39: erledigt | J39: Projektkarte | K39: 13.89 | L39: =B39*K39 -> 13.89
A40: 43111 | B40: 3 | C40: Sk. | D40: Klimaputz | E40: Hornbach | F40: Material | G40: 25 | H40: =Tabelle15[[#This Row],[Az]]*Tabelle15[[#This Row],[Gebinde]] -> 75 | I40: erledigt | J40: Projektkarte | K40: 8.48 | L40: =B40*K40 -> 25.44
A41: 43111 | B41: 1 | C41: Pa. | D41: Kleinmaterial | E41: Hornbach | F41: Material | I41: erledigt | J41: Projektkarte | K41: 58.19 | L41: =B41*K41 -> 58.19
A42: 43111 | B42: 12 | C42: h | D42: Verputzen, … | E42: uh | F42: Arbeit | I42: erledigt | K42: 35 | L42: =B42*K42 -> 420
A43: 43112 | B43: 10 | C43: h | D43: Verputzen, Boden | E43: uh | F43: Arbeit | I43: erledigt | K43: 35 | L43: =B43*K43 -> 350
A44: 43113 | B44: 3 | C44: Sk. | D44: Klimaputz | E44: Hornbach | F44: Material | G44: 25 | H44: =Tabelle15[[#This Row],[Az]]*Tabelle15[[#This Row],[Gebinde]] -> 75 | I44: erledigt | J44: Projektkarte | K44: 4 | L44: =B44*K44 -> 12
A45: 43113 | B45: 1 | C45: Sk. | D45: Klimaputz | E45: Hornbach | F45: Material | G45: 25 | H45: =Tabelle15[[#This Row],[Az]]*Tabelle15[[#This Row],[Gebinde]] -> 25 | I45: erledigt | J45: Projektkarte | K45: 8.48 | L45: =B45*K45 -> 8.48
A46: 43113 | B46: 2 | C46: Sk. | D46: Klimaspachtel | E46: Hornbach | F46: Material | G46: 25 | H46: =Tabelle15[[#This Row],[Az]]*Tabelle15[[#This Row],[Gebinde]] -> 50 | I46: erledigt | J46: Projektkarte | K46: 16.95 | L46: =B46*K46 -> 33.9
A47: 43113 | B47: 2 | C47: Sk. | D47: Klebespachtel | E47: Hornbach | F47: Material | G47: 25 | H47: =Tabelle15[[#This Row],[Az]]*Tabelle15[[#This Row],[Gebinde]] -> 50 | I47: erledigt | J47: Projektkarte | K47: 10.89 | L47: =B47*K47 -> 21.78
A48: 43113 | B48: 1 | C48: Pa. | D48: Kleinmaterial | E48: Hornbach | F48: Material | I48: erledigt | J48: Projektkarte | K48: 2.49 | L48: =B48*K48 -> 2.49
A49: 43116 | B49: 1 | C49: Sk. | D49: Flexkleber | E49: Hornbach | F49: Material | G49: 25 | H49: =Tabelle15[[#This Row],[Az]]*Tabelle15[[#This Row],[Gebinde]] -> 25 | I49: erledigt | J49: Projektkarte | K49: 10.89 | L49: =B49*K49 -> 10.89
A50: 43116 | B50: 4 | C50: Sk. | D50: Klimaputz | E50: Hornbach | F50: Material | G50: 25 | H50: =Tabelle15[[#This Row],[Az]]*Tabelle15[[#This Row],[Gebinde]] -> 100 | I50: erledigt | J50: Projektkarte | K50: 8.48 | L50: =B50*K50 -> 33.92
A51: 43116 | B51: 4 | C51: Sk. | D51: Kalkzementputz | E51: Hornbach | F51: Material | G51: 40 | H51: =Tabelle15[[#This Row],[Az]]*Tabelle15[[#This Row],[Gebinde]] -> 160 | I51: erledigt | J51: Projektkarte | K51: 3.09 | L51: =B51*K51 -> 12.36
A52: 43116 | B52: 1 | C52: Pa. | D52: Kleinmaterial | E52: Hornbach | F52: Material | I52: erledigt | J52: Projektkarte | K52: 34.68 | L52: =B52*K52 -> 34.68
A53: 43116 | B53: 9 | C53: h | D53: Verputzen, … | E53: uh | F53: Arbeit | I53: erledigt | K53: 35 | L53: =B53*K53 -> 315
A54: 43120 | B54: 2 | C54: Sk. | D54: Klimaputz | E54: Hornbach | F54: Material | G54: 25 | H54: =Tabelle15[[#This Row],[Az]]*Tabelle15[[#This Row],[Gebinde]] -> 50 | I54: erledigt | J54: Projektkarte | K54: 8.48 | L54: =B54*K54 -> 16.96
A55: 43120 | B55: 3 | C55: Sk. | D55: Kalkzementputz | E55: Hornbach | F55: Material | G55: 40 | H55: =Tabelle15[[#This Row],[Az]]*Tabelle15[[#This Row],[Gebinde]] -> 120 | I55: erledigt | J55: Projektkarte | K55: 3.09 | L55: =B55*K55 -> 9.27
A56: 43120 | B56: 2 | C56: Sk. | D56: Estrich | E56: Hornbach | F56: Material | G56: 40 | H56: =Tabelle15[[#This Row],[Az]]*Tabelle15[[#This Row],[Gebinde]] -> 80 | I56: erledigt | J56: Projektkarte | K56: 3.09 | L56: =B56*K56 -> 6.18
A57: 43123 | B57: 12 | C57: h | D57: Verputzen, … | E57: uh | F57: Arbeit | I57: erledigt | K57: 35 | L57: =B57*K57 -> 420
A58: 43123 | B58: 3 | C58: Sk. | D58: Klimaputz | E58: Hornbach | F58: Material | G58: 25 | H58: =Tabelle15[[#This Row],[Az]]*Tabelle15[[#This Row],[Gebinde]] -> 75 | I58: erledigt | J58: Projektkarte | K58: 8.48 | L58: =B58*K58 -> 25.44
A59: 43123 | B59: 1 | C59: Sk. | D59: Klimaglätte | E59: Hornbach | F59: Material | G59: 25 | H59: =Tabelle15[[#This Row],[Az]]*Tabelle15[[#This Row],[Gebinde]] -> 25 | I59: erledigt | J59: Projektkarte | K59: 13.89 | L59: =B59*K59 -> 13.89
A60: 43123 | B60: 2 | C60: Sk. | D60: Klebespachtel | E60: Hornbach | F60: Material | G60: 25 | H60: =Tabelle15[[#This Row],[Az]]*Tabelle15[[#This Row],[Gebinde]] -> 50 | I60: erledigt | J60: Projektkarte | K60: 10.89 | L60: =B60*K60 -> 21.78
A61: 43123 | B61: 2 | C61: Sk. | D61: Estrich | E61: Hornbach | F61: Material | G61: 40 | H61: =Tabelle15[[#This Row],[Az]]*Tabelle15[[#This Row],[Gebinde]] -> 80 | I61: erledigt | J61: Projektkarte | K61: 3.09 | L61: =B61*K61 -> 6.18
A62: 43127 | B62: 4 | C62: Sk. | D62: Estrich | E62: Hornbach | F62: Material | G62: 40 | H62: =Tabelle15[[#This Row],[Az]]*Tabelle15[[#This Row],[Gebinde]] -> 160 | I62: erledigt | J62: bar | K62: 3.09 | L62: =B62*K62 -> 12.36
A63: 43127 | B63: 1 | C63: Sk. | D63: Klimaspachtel | E63: Hornbach | F63: Material | G63: 25 | H63: =Tabelle15[[#This Row],[Az]]*Tabelle15[[#This Row],[Gebinde]] -> 25 | I63: erledigt | J63: bar | K63: 16.95 | L63: =B63*K63 -> 16.95
A64: 43127 | B64: 1 | C64: Sk. | D64: Klebespachtel | E64: Hornbach | F64: Material | G64: 25 | H64: =Tabelle15[[#This Row],[Az]]*Tabelle15[[#This Row],[Gebinde]] -> 25 | I64: erledigt | J64: bar | K64: 10.89 | L64: =B64*K64 -> 10.89
A65: 43127 | B65: 4 | C65: Sk. | D65: Schuttsäcke | E65: Hornbach | F65: Material | I65: erledigt | J65: bar | K65: 0.69 | L65: =B65*K65 -> 2.76
A66: 43127 | B66: 5 | C66: h | D66: Verputzen, … | E66: uh | F66: Arbeit | I66: erledigt | K66: 35 | L66: =B66*K66 -> 175
A68: 43133 | B68: 1 | C68: Pa. | D68: Kleinmaterial | E68: Hornbach | F68: Material | I68: erledigt | K68: 70.22 | L68: =B68*K68 -> 70.22
A69: 43134 | B69: 1 | C69: Pa. | D69: Kleinmaterial | E69: Hornbach | F69: Arbeit | I69: erledigt | K69: 88.67 | L69: =B69*K69 -> 88.67
A70: 43136 | B70: 1 | C70: Pa. | D70: Kleinmaterial | E70: Hornbach | F70: Arbeit | I70: erledigt | K70: 88.67 | L70: =B70*K70 -> 88.67
A71: 43137 | B71: 1 | C71: Pa. | D71: Kleinmaterial | E71: Hornbach | F71: Material | I71: erledigt | K71: 141.63 | L71: =B71*K71 -> 141.63
A72: 43146 | B72: 1 | C72: Pa. | D72: Kleinmaterial | E72: Hornbach | F72: Arbeit | I72: erledigt | K72: 47.45 | L72: =B72*K72 -> 47.45
A73: 43146 | B73: 1 | C73: Pa. | D73: Kleinmaterial | E73: Hornbach | F73: Material | I73: erledigt | K73: 119.07 | L73: =B73*K73 -> 119.07
A74: 43158 | B74: 1 | C74: Pa. | D74: Kleinmaterial | E74: Hornbach | F74: Material | I74: erledigt | K74: 97.78 | L74: =B74*K74 -> 97.78
B76: 1 | C76: Pa. | D76: Kleinmaterial | E76: Hornbach | F76: Material | I76: offen | K76: 200 | L76: =B76*K76 -> 200
B77: 5 | C77: h | D77: Fensterlaibungen | E77: uh | F77: Arbeit | I77: offen | K77: 35 | L77: =B77*K77 -> 175
B78: 3 | C78: h | D78: Waschmaschine | E78: uh | F78: Arbeit | I78: offen | K78: 35 | L78: =B78*K78 -> 105
B79: 5 | C79: h | D79: Heizraum | E79: uh | F79: Arbeit | I79: offen | K79: 35 | L79: =B79*K79 -> 175
A82: Ergebnis | H82: =SUBTOTAL(109,Tabelle15[kg gesamt]) -> 0 | L82: =SUBTOTAL(109,Tabelle15[Preis, brutto]) -> 3269.79

Sheet Terrasse
A1: TERRASSE
A3: ALLGEMEIN | D3: Fläche | P3: =Q20/Q3 -> 170.23012 | Q3: 80
D5: Arbeit | Q5: =SUMIF(Tabelle157[Art],D5,Tabelle157[Az]) -> 221.4
D6: Erledigt | Q6: =Q12/Q20 -> 1
D7: Offen | Q7: =Q16/Q20 -> 0
A9: KOSTEN
B10: erledigt | D10: Material | Q10: {=SUM(IF(Tabelle157[Status]=$B10,IF(Tabelle157[Art]=D$10,Tabelle157[Preis, brutto])))} -> 5866.91
D11: Arbeit | Q11: {=SUM(IF(Tabelle157[Status]=$B10,IF(Tabelle157[Art]=D$11,Tabelle157[Preis, brutto])))} -> 7751.5
D12: Gesamt | Q12: =SUM(Q10:Q11) -> 13618.41
B14: offen | D14: Material | Q14: {=SUM(IF(Tabelle157[Status]=$B14,IF(Tabelle157[Art]=D$14,Tabelle157[Preis, brutto])))} -> 0
D15: Arbeit | Q15: {=SUM(IF(Tabelle157[Status]=$B14,IF(Tabelle157[Art]=D$15,Tabelle157[Preis, brutto])))} -> 0
D16: Gesamt | Q16: =SUM(Q14:Q15) -> 0
D18: Material | Q18: =SUMIF(Tabelle157[Art],D18,Tabelle157[Preis, brutto]) -> 5866.91
D19: Arbeit | Q19: =SUMIF(Tabelle157[Art],D19,Tabelle157[Preis, brutto]) -> 7751.5
D20: Terrasse | Q20: =SUM(Q18:Q19) -> 13618.41
A23: MATERIALLISTE | R23: =SUM(Q25:Q92) -> 13618.41
A24: Datum | B24: Az | C24: EH | D24: Position | E24: Kostenstelle | F24: sonstiges | G24: Art | H24: Breite | I24: Höhe | J24: Länge | K24: Volumen | L24: lfm | M24: Gebinde | N24: kg gesamt | O24: Status | P24: Pos.Preis | Q24: Preis, brutto
A25: 43140 | B25: 1 | C25: Pa. | D25: Kleinmaterial | G25: Material | O25: erledigt | P25: 38.45 | Q25: =B25*P25 -> 38.45
A26: 43152 | B26: 500 | C26: kg | D26: Baustellenabfälle | E26: AEVG | G26: Material | O26: erledigt | P26: 0.068 | Q26: =B26*P26 -> 34
A27: 43152 | B27: 40 | C27: Stk. | D27: Estrich | E27: Bauhaus | G27: Material | O27: erledigt | P27: 3.1 | Q27: =B27*P27 -> 124
A28: 43153 | B28: 1 | C28: Pa. | D28: Kleinmaterial | E28: Hornbach | G28: Material | O28: erledigt | P28: 45.49 | Q28: =B28*P28 -> 45.49
A29: 43169 | B29: 1 | C29: Sk. | D29: Klebespachtel | E29: Hornbach | G29: Material | O29: erledigt | P29: 12.99 | Q29: =B29*P29 -> 12.99
A30: 43171 | B30: 1 | C30: Stk. | D30: Ausgleichspad / Balkenunterlage | E30: Hornbach | G30: Material | O30: erledigt | P30: 6.95 | Q30: =B30*P30 -> 6.95
A31: 43171 | B31: 1 | C31: Pkg. | D31: Abdeckband | E31: Hornbach | G31: Material | O31: erledigt | P31: 29.9 | Q31: =B31*P31 -> 29.9
A32: 43171 | B32: 1 | C32: Pa. | D32: Kleinmaterial | E32: Hornbach | G32: Material | O32: erledigt | P32: 34 | Q32: =B32*P32 -> 34
A33: 43190 | B33: 111.25 | C33: m² | D33: Terrassenboden Lärchenholz 36 mm | G33: Material | O33: erledigt | P33: 25.617978 | Q33: =B33*P33 -> 2850
A34: 43190 | B34: 1 | C34: Pa. | D34: Lieferung | G34: Material | O34: erledigt | P34: 70 | Q34: =B34*P34 -> 70
A35: 43173 | B35: 150 | C35: lfm | D35: Konstruktionsvollholz 8/12 | E35: Bauhaus | G35: Material | O35: erledigt | P35: 5 | Q35: =B35*P35 -> 750
A36: 43173 | B36: 10 | C36: Stk. | D36: Trockenbeton | E36: Bauhaus | G36: Material | O36: erledigt | P36: 4.99 | Q36: =B36*P36 -> 49.9
A37: 43173 | B37: 6 | C37: lfm | D37: Winkelprofil | E37: Bauhaus | G37: Material | O37: erledigt | P37: 9.9 | Q37: =B37*P37 -> 59.4
A38: 43173 | B38: 30 | C38: lfm | D38: Flachstahl | E38: Bauhaus | G38: Material | O38: erledigt | P38: 6 | Q38: =B38*P38 -> 180
A39: 43173 | B39: 1 | C39: Pa. | D39: Transporter Leihgebühr | E39: Bauhaus | G39: Material | O39: erledigt | P39: 9 | Q39: =B39*P39 -> 9
A40: 43173 | B40: 1 | C40: Pa. | D40: XPS Platte | E40: Bauhaus | G40: Material | O40: erledigt | P40: 13.35 | Q40: =B40*P40 -> 13.35
A41: 43175 | B41: 6 | C41: Stk. | D41: Schalungssteine | E41: Bauhaus | G41: Material | O41: erledigt | P41: 1.79 | Q41: =B41*P41 -> 10.74
A42: 43180 | B42: 2 | C42: Pkg. | D42: Abdeckband | E42: Hornbach | G42: Material | O42: erledigt | P42: 29.9 | Q42: =B42*P42 -> 59.8
A43: 43180 | B43: 2 | C43: Stk. | D43: Ausgleichspad / Balkenunterlage | E43: Hornbach | G43: Material | O43: erledigt | P43: 6.95 | Q43: =B43*P43 -> 13.9
A44: 43180 | B44: 1 | C44: Pkg. | D44: Terrassenschrauben | E44: Hornbach | G44: Material | O44: erledigt | P44: 15.5 | Q44: =B44*P44 -> 15.5
A45: 43180 | B45: 1 | C45: Pa. | D45: Kleinmaterial | E45: Hornbach | G45: Material | O45: erledigt | P45: 15 | Q45: =B45*P45 -> 15
A46: 43182 | B46: 2000 | C46: Stk. | D46: Terrassenschrauben | E46: Amazon | G46: Material | O46: erledigt | P46: 0.05451 | Q46: =B46*P46 -> 109.02
... A91: 43207 | B91: 10.1 | C91: h | D91: Terrasse | E91: uh | G91: Arbeit | O91: erledigt | P91: 35 | Q91: =B91*P91 -> 353.5
A93: Ergebnis | Q93: =SUBTOTAL(109,Tabelle157[Preis, brutto]) -> 7751.5

Sheet Pergola
A1: PERGOLA
A3: ALLGEMEIN | D3: Fläche | Q3: 15
D5: Arbeit | Q5: =SUMIF(Tabelle1576[Art],D5,Tabelle1576[Az]) -> 69.7
D6: Erledigt | Q6: =Q12/Q20 -> 0.7375932
D7: Offen | Q7: =Q16/Q20 -> 0.2624068
A9: KOSTEN
B10: erledigt | D10: Material | Q10: {=SUM(IF(Tabelle1576[Status]=$B10,IF(Tabelle1576[Art]=D$10,Tabelle1576[Preis, brutto])))} -> 1914.64
D11: Arbeit | Q11: {=SUM(IF(Tabelle1576[Status]=$B10,IF(Tabelle1576[Art]=D$11,Tabelle1576[Preis, brutto])))} -> 1739.5
D12: Gesamt | Q12: =SUM(Q10:Q11) -> 3654.14
B14: offen | D14: Material | Q14: {=SUM(IF(Tabelle1576[Status]=$B14,IF(Tabelle1576[Art]=D$14,Tabelle1576[Preis, brutto])))} -> 600
D15: Arbeit | Q15: {=SUM(IF(Tabelle1576[Status]=$B14,IF(Tabelle1576[Art]=D$15,Tabelle1576[Preis, brutto])))} -> 700
D16: Gesamt | Q16: =SUM(Q14:Q15) -> 1300
D18: Material | Q18: =SUMIF(Tabelle1576[Art],D18,Tabelle1576[Preis, brutto]) -> 2514.64
D19: Arbeit | Q19: =SUMIF(Tabelle1576[Art],D19,Tabelle1576[Preis, brutto]) -> 2439.5
D20: Gesamt | Q20: =SUM(Q18:Q19) -> 4954.14
A22: MATERIALLISTE | R22: =SUM(Q24:Q54) -> 4954.14
A23: Datum | B23: Az | C23: EH | D23: Position | E23: Kostenstelle | F23: sonstiges | G23: Art | H23: Breite | I23: Höhe | J23: Länge | K23: Volumen | L23: lfm | M23: Gebinde | N23: kg gesamt | O23: Status | P23: Pos.Preis | Q23: Preis, brutto
A24: 43173 | B24: 10 | C24: Stk. | D24: Trockenbeton | E24: Bauhaus | G24: Material | O24: erledigt | P24: 4.99 | Q24: =B24*P24 -> 49.9
A25: 43173 | B25: 6 | C25: lfm | D25: Winkelprofil | E25: Bauhaus | G25: Material | O25: erledigt | P25: 9.9 | Q25: =B25*P25 -> 59.4
A26: 43185 | B26: 1 | C26: Pa. | D26: Kleinmaterial | G26: Material | O26: erledigt | P26: 21.3 | Q26: =B26*P26 -> 21.3
A27: 43193 | B27: 1 | C27: Pa. | D27: Kleinmaterial | E27: Hornbach | G27: Material | O27: erledigt | P27: 226.52 | Q27: =B27*P27 -> 226.52
A28: 43195 | B28: 1 | C28: Pa. | D28: Kleinmaterial | G28: Material | O28: erledigt | P28: 53.75 | Q28: =B28*P28 -> 53.75
A29: 43195 | B29: 1 | C29: Pa. | D29: Kleinmaterial | E29: Hornbach | G29: Material | O29: erledigt | P29: 100.8 | Q29: =B29*P29 -> 100.8
A30: 43196 | B30: 5 | C30: Stk. | D30: Trockenbeton | E30: Bauhaus | G30: Material | O30: erledigt | P30: 4.99 | Q30: =B30*P30 -> 24.95
A31: 43196 | B31: 5 | C31: Stk. | D31: Estrich | E31: Bauhaus | G31: Material | O31: erledigt | P31: 3.09 | Q31: =B31*P31 -> 15.45
A32: 43196 | B32: 4 | C32: Stk. | D32: Brett sägerauh | E32: Bauhaus | G32: Material | O32: erledigt | P32: 4.99 | Q32: =B32*P32 -> 19.96
A33: 43196 | B33: 10 | C33: Stk. | D33: Leimbinder 10/10 Steher | E33: Bauhaus | F33: Fichte | G33: Material | H33: 10 | I33: 10 | J33: 280 | L33: =(Tabelle1576[[#This Row],[Länge]]*Tabelle1576[[#This Row],[Az]])/100 -> 28 | O33: erledigt | P33: 7.6 | Q33: =L33*P33 -> 212.8
A34: 43196 | B34: 1 | C34: Stk. | D34: Leimbinder 10/10 Steher | E34: Bauhaus | F34: Fichte | G34: Material | H34: 10 | I34: 10 | J34: 500 | L34: =(Tabelle1576[[#This Row],[Länge]]*Tabelle1576[[#This Row],[Az]])/100 -> 5 | O34: erledigt | P34: 7.6 | Q34: =L34*P34 -> 38
A35: 43196 | B35: 7 | C35: Stk. | D35: Leimbinder 8/16 Tram | E35: Bauhaus | F35: Fichte | G35: Material | H35: 10 | I35: 16 | J35: 280 | L35: =(Tabelle1576[[#This Row],[Länge]]*Tabelle1576[[#This Row],[Az]])/100 -> 19.6 | O35: erledigt | P35: 9.8 | Q35: =L35*P35 -> 192.08
A36: 43196 | B36: 1 | C36: Stk. | D36: Leimbinder 10/20 Überzug | E36: Bauhaus | F36: Fichte | G36: Material | H36: 10 | I36: 20 | J36: 500 | L36: =(Tabelle1576[[#This Row],[Länge]]*Tabelle1576[[#This Row],[Az]])/100 -> 5 | O36: erledigt | P36: 15.3 | Q36: =L36*P36*Tabelle1576[[#This Row],[Az]] -> 76.5
A37: 43199 | B37: 1 | C37: Pa. | D37: Kleinmaterial | E37: Hornbach | G37: Material | O37: erledigt | P37: 150 | Q37: =B37*P37 -> 150
A38: 43203 | B38: 8 | C38: Stk. | D38: Hirnholz - Einhängeverbinder | E38: derbeschlagsprofi | G38: Material | O38: erledigt | P38: 17.49 | Q38: =Tabelle1576[[#This Row],[Pos.Preis]]*Tabelle1576[[#This Row],[Az]] -> 139.92
A39: 43173 | B39: 1 | C39: Pa. | D39: Transporter Leihgebühr | E39: Bauhaus | G39: Material | O39: erledigt | P39: 21 | Q39: =B39*P39 -> 21
A40: 43196 | B40: 4 | C40: Stk. | D40: Trockenbeton | E40: Hornbach | G40: Material | O40: erledigt | P40: 4.99 | Q40: =B40*P40 -> 19.96
A41: 43213 | B41: 2 | C41: Stk. | D41: Leimbinder 10/10 Steher | E41: Bauhaus | F41: Fichte | G41: Material | H41: 10 | I41: 10 | J41: 270 | L41: =(Tabelle1576[[#This Row],[Länge]]*Tabelle1576[[#This Row],[Az]])/100 -> 5.4 | O41: erledigt | P41: 7.6 | Q41: =L41*P41 -> 41.04
A42: 43213 | B42: 1 | C42: Pa. | D42: Kleinmaterial | E42: Hornbach | G42: Material | O42: erledigt | P42: 111.33 | Q42: =B42*P42 -> 111.33
A43: 43214 | B43: 2 | C43: Stk. | D43: Konstruktionslatten Fi/Ta | E43: Bauhaus | F43: Fichte | G43: Material | O43: erledigt | P43: 5.5 | Q43: =B43*P43 -> 11
A44: 43214 | B44: 1 | C44: Pa. | D44: Kleinmaterial | E44: Hornbach | G44: Material | O44: erledigt | P44: 83.62 | Q44: =B44*P44 -> 83.62
A45: 43216 | B45: 8 | C45: Stk. | D45: Hirnholz - Einhängeverbinder | E45: derbeschlagsprofi | G45: Material | O45: erledigt | P45: 17.49 | Q45: =Tabelle1576[[#This Row],[Pos.Preis]]*Tabelle1576[[#This Row],[Az]] -> 139.92
A46: 43218 | B46: 1 | C46: Pa. | D46: Kleinmaterial | E46: Bauhaus | G46: Material | O46: erledigt | P46: 50 | Q46: =B46*P46 -> 50
A47: 43218 | B47: 1 | C47: Pa. | D47: Schalung Kiefer | E47: Bauhaus | G47: Material | O47: erledigt | P47: 55.44 | Q47: =B47*P47 -> 55.44
B48: 20 | C48: m² | D48: Rombusschalung | E48: Bauhaus | F48: Fichte | G48: Material | O48: offen | P48: 30 | Q48: =Tabelle1576[[#This Row],[Pos.Preis]]*Tabelle1576[[#This Row],[Az]] -> 600
A50: 43211 | B50: 14 | C50: h | D50: Pergola | E50: uh | G50: Arbeit | O50: erledigt | P50: 35 | Q50: =B50*P50 -> 490
A51: 43212 | B51: 10.1 | C51: h | D51: Pergola | E51: uh | G51: Arbeit | O51: erledigt | P51: 35 | Q51: =B51*P51 -> 353.5
A52: 43214 | B52: 11.1 | C52: h | D52: Pergola | E52: uh | G52: Arbeit | O52: erledigt | P52: 35 | Q52: =B52*P52 -> 388.5
A53: 43215 | B53: 14.5 | C53: h | D53: Pergola | E53: uh | G53: Arbeit | O53: erledigt | P53: 35 | Q53: =B53*P53 -> 507.5
B54: 20 | C54: h | D54: Pergola | E54: uh | G54: Arbeit | O54: offen | P54: 35 | Q54: =B54*P54 -> 700
A55: Ergebnis | Q55: =SUBTOTAL(109,Tabelle1576[Preis, brutto]) -> 4954.14

Sheet Garten
A1: PERGOLA
A3: ALLGEMEIN | D3: Fläche | Q3: 15
D5: Arbeit | Q5: =SUMIF(Tabelle15768[Art],D5,Tabelle15768[Az]) -> 0
D6: Erledigt | Q6: =Q12/Q20 -> 1
D7: Offen | Q7: =Q16/Q20 -> 0
A9: KOSTEN
B10: erledigt | D10: Material | Q10: {=SUM(IF(Tabelle15768[Status]=$B10,IF(Tabelle15768[Art]=D$10,Tabelle15768[Preis, brutto])))} -> 120.26
D11: Arbeit | Q11: {=SUM(IF(Tabelle15768[Status]=$B10,IF(Tabelle15768[Art]=D$11,Tabelle15768[Preis, brutto])))} -> 0
D12: Gesamt | Q12: =SUM(Q10:Q11) -> 120.26
B14: offen | D14: Material | Q14: {=SUM(IF(Tabelle15768[Status]=$B14,IF(Tabelle15768[Art]=D$14,Tabelle15768[Preis, brutto])))} -> 0
D15: Arbeit | Q15: {=SUM(IF(Tabelle15768[Status]=$B14,IF(Tabelle15768[Art]=D$15,Tabelle15768[Preis, brutto])))} -> 0
D16: Gesamt | Q16: =SUM(Q14:Q15) -> 0
D18: Material | Q18: =SUMIF(Tabelle15768[Art],D18,Tabelle15768[Preis, brutto]) -> 120.26
D19: Arbeit | Q19: =SUMIF(Tabelle15768[Art],D19,Tabelle15768[Preis, brutto]) -> 0
D20: Gesamt | Q20: =SUM(Q18:Q19) -> 120.26
A22: MATERIALLISTE | R22: =SUM(Q24:Q27) -> 120.26
A23: Datum | B23: Az | C23: EH | D23: Position | E23: Kostenstelle | F23: sonstiges | G23: Art | H23: Breite | I23: Höhe | J23: Länge | K23: Volumen | L23: lfm | M23: Gebinde | N23: kg gesamt | O23: Status | P23: Pos.Preis | Q23: Preis, brutto
A24: 43196 | B24: 20 | C24: Stk. | D24: Blumenerde | E24: Bauhaus | G24: Material | O24: erledigt | P24: 3.39 | Q24: =B24*P24 -> 67.8
A25: 43199 | B25: 2 | C25: Stk. | D25: Grbrauchtrasen | E25: Hornbach | G25: Material | O25: erledigt | P25: 6.99 | Q25: =B25*P25 -> 13.98
A26: 43199 | B26: 4 | C26: Stk. | D26: Blumenerde 50l | E26: Hornbach | G26: Material | O26: erledigt | P26: 2.75 | Q26: =B26*P26 -> 11
A27: 43214 | B27: 12 | C27: Sk. | D27: Blumenerde | E27: Bauhaus | G27: Material | O27: erledigt | P27: 2.29 | Q27: =B27*P27 -> 27.48
A28: Ergebnis | Q28: =SUBTOTAL(109,Tabelle15768[Preis, brutto]) -> 120.26

Sheet db_Abrechnung
A1: Datum | B1: Anz | C1: EH | D1: Gewerk | E1: Position | F1: Anmerkung | G1: Art | H1: bez/offen | I1: Rech | J1: EH-Preis | K1: Pos.Preis
A2: 42675 | B2: 1 | C2: Pa | D2: Maler | E2: Hornbach | F2: diverses | G2: Material | H2: bezahlt | I2: Thoenen | J2: 168.3 | K2: =Tabelle2[[#This Row],[Anz]]*Tabelle2[[#This Row],[EH-Preis]] -> 168.3
A3: 42680 | B3: 5 | C3: h | D3: Maler | E3: uh | F3: Arbeit | G3: Arbeit | H3: bezahlt | I3: uh bezahlt | J3: 25 | K3: =Tabelle2[[#This Row],[Anz]]*Tabelle2[[#This Row],[EH-Preis]] -> 125
A4: 42682 | B4: 1 | C4: Pa | D4: Maler | E4: Hornbach | F4: ls | G4: Material | H4: bezahlt | I4: Thoenen | J4: 73 | K4: =Tabelle2[[#This Row],[Anz]]*Tabelle2[[#This Row],[EH-Preis]] -> 73
A5: 42686 | B5: 1 | C5: Pa | D5: Maler | E5: Hornbach | F5: diverses | G5: Material | H5: bezahlt | I5: Thoenen | J5: 7.1 | K5: =Tabelle2[[#This Row],[Anz]]*Tabelle2[[#This Row],[EH-Preis]] -> 7.1
A6: 42686 | B6: 1 | C6: Pa | D6: Maler | E6: Hornbach | F6: diverses | G6: Material | H6: bezahlt | I6: MAD | J6: 20.8 | K6: =Tabelle2[[#This Row],[Anz]]*Tabelle2[[#This Row],[EH-Preis]] -> 20.8
A7: 42688 | B7: 1 | C7: Pa | D7: Maler | E7: Hornbach | F7: diverses | G7: Material | H7: bezahlt | I7: Thoenen | J7: 91.4 | K7: =Tabelle2[[#This Row],[Anz]]*Tabelle2[[#This Row],[EH-Preis]] -> 91.4
A8: 42691 | B8: 1 | C8: Pa | D8: Maler | E8: Hornbach | F8: uh | G8: Material | H8: bezahlt | I8: Room Nr9 | J8: 238.3 | K8: =Tabelle2[[#This Row],[Anz]]*Tabelle2[[#This Row],[EH-Preis]] -> 238.3
A9: 42694 | B9: 1 | C9: Pa | D9: Maler | E9: Hornbach | F9: diverses | G9: Material | H9: bezahlt | I9: Room Nr9 | J9: 174.6 | K9: =Tabelle2[[#This Row],[Anz]]*Tabelle2[[#This Row],[EH-Preis]] -> 174.6
A10: 42700 | B10: 1 | C10: Pa | D10: Baumeister | E10: Obi | F10: diverses | G10: Material | H10: bez | I10: MAD | J10: 57.2 | K10: =Tabelle2[[#This Row],[Anz]]*Tabelle2[[#This Row],[EH-Preis]] -> 57.2
A11: 42702 | B11: 1 | C11: Pa | D11: Baumeister | E11: Hornbach | F11: diverses | G11: Material | H11: bezahlt | I11: Thoenen | J11: 174.6 | K11: =Tabelle2[[#This Row],[Anz]]*Tabelle2[[#This Row],[EH-Preis]] -> 174.6
A12: 42705 | B12: 170 | C12: km | D12: Allgemein | E12: Reisekosten | F12: Benzin, Auto, ... | G12: Material | H12: bez | I12: Room Nr9 | J12: 0.2 | K12: =Tabelle2[[#This Row],[Anz]]*Tabelle2[[#This Row],[EH-Preis]] -> 34
A13: 42705 | B13: 8 | C13: h | D13: Baumeister | E13: Chief | F13: Arbeit | G13: Arbeit | H13: bez | I13: Chief | J13: 15 | K13: =Tabelle2[[#This Row],[Anz]]*Tabelle2[[#This Row],[EH-Preis]] -> 120
... A90: 42751 | B90: 1 | C90: Pa | D90: Boden | E90: Schagerl | F90: Vinyl | G90: Boden | H90: bez | I90: MAD | J90: 363.8 | K90: =Tabelle2[[#This Row],[Anz]]*Tabelle2[[#This Row],[EH-Preis]] -> 363.8
A91: 42751 | B91: 1 | C91: Stk. | D91: Tür | E91: Hornbach | F91: Duschtrennwand | G91: Material | H91: bezahlt | J91: 239 | K91: =Tabelle2[[#This Row],[Anz]]*Tabelle2[[#This Row],[EH-Preis]] -> 239
A92: 42751 | B92: 1 | C92: Pa | D92: Maler | E92: Hornbach | G92: Material | H92: bezahlt | J92: 327.7 | K92: =Tabelle2[[#This Row],[Anz]]*Tabelle2[[#This Row],[EH-Preis]] -> 327.7
A93: 42753 | B93: 15.5 | C93: h | D93: Maler | E93: uh | F93: Arbeit | G93: Arbeit | H93: offen | I93: uh offen | J93: 25 | K93: =Tabelle2[[#This Row],[Anz]]*Tabelle2[[#This Row],[EH-Preis]] -> 387.5
A94: 42753 | B94: 1 | C94: Pa | D94: Maler | E94: Hornbach | G94: Material | H94: bezahlt | J94: 116.5 | K94: =Tabelle2[[#This Row],[Anz]]*Tabelle2[[#This Row],[EH-Preis]] -> 116.5
A95: 42754 | B95: 12 | C95: h | D95: Maler | E95: uh | F95: Arbeit | G95: Arbeit | H95: offen | I95: uh offen | J95: 25 | K95: =Tabelle2[[#This Row],[Anz]]*Tabelle2[[#This Row],[EH-Preis]] -> 300
A96: 42755 | B96: 14.5 | C96: h | D96: Boden | E96: uh | F96: Arbeit | G96: Arbeit | H96: offen | I96: uh offen | J96: 25 | K96: =Tabelle2[[#This Row],[Anz]]*Tabelle2[[#This Row],[EH-Preis]] -> 362.5
A97: 42755 | B97: 1 | C97: Pa | D97: Baumeister | E97: Hornbach | G97: Material | H97: bezahlt | J97: 658 | K97: =Tabelle2[[#This Row],[Anz]]*Tabelle2[[#This Row],[EH-Preis]] -> 658
A98: 42755 | B98: 1 | C98: Pa | D98: Fliesen | E98: Obi | F98: diverses | G98: Material | H98: bez | I98: MAD | J98: 217.6 | K98: =Tabelle2[[#This Row],[Anz]]*Tabelle2[[#This Row],[EH-Preis]] -> 217.6
A99: 42756 | B99: 16 | C99: h | D99: Boden | E99: uh | F99: Arbeit | G99: Arbeit | H99: offen | I99: uh offen | J99: 25 | K99: =Tabelle2[[#This Row],[Anz]]*Tabelle2[[#This Row],[EH-Preis]] -> 400
A100: 42756 | B100: 1 | C100: Pa | D100: Sanitär | E100: Hornbach | G100: Material | H100: bezahlt | J100: 340.4 | K100: =Tabelle2[[#This Row],[Anz]]*Tabelle2[[#This Row],[EH-Preis]] -> 340.4
A101: 42757 | B101: 15 | C101: h | D101: Boden | E101: uh | F101: Arbeit | G101: Arbeit | H101: offen | I101: uh offen | J101: 25 | K101: =Tabelle2[[#This Row],[Anz]]*Tabelle2[[#This Row],[EH-Preis]] -> 375
A102: 42758 | B102: 11.5 | C102: h | D102: Boden | E102: uh | F102: Arbeit | G102: Arbeit | H102: offen | I102: uh offen | J102: 25 | K102: =Tabelle2[[#This Row],[Anz]]*Tabelle2[[#This Row],[EH-Preis]] -> 287.5
A103: 42758 | B103: 1 | C103: Stk. | D103: Heizung | E103: Infrarot Heizkörper | F103: Material | G103: Heizkörper | H103: bez | I103: Manuel | J103: 550 | K103: =Tabelle2[[#This Row],[Anz]]*Tabelle2[[#This Row],[EH-Preis]] -> 550
A104: 42758 | B104: 1 | C104: Pa | D104: Boden | E104: Hornbach | F104: div | G104: Material | H104: bezahlt | I104: Room Nr9 | J104: 166.9 | K104: =Tabelle2[[#This Row],[Anz]]*Tabelle2[[#This Row],[EH-Preis]] -> 166.9
A105: 42759 | B105: 14 | C105: h | D105: Montage | E105: uh | F105: Arbeit | G105: Arbeit | H105: offen | I105: uh offen | J105: 25 | K105: =Tabelle2[[#This Row],[Anz]]*Tabelle2[[#This Row],[EH-Preis]] -> 350
A106: 42759 | B106: 1 | C106: Pa | D106: Baumeister | E106: Hornbach | G106: Material | H106: bezahlt | J106: 917.9 | K106: =Tabelle2[[#This Row],[Anz]]*Tabelle2[[#This Row],[EH-Preis]] -> 917.9
A107: 42759 | B107: 1 | C107: Pa | D107: Boden | E107: Bauhaus | G107: Material | H107: bez | J107: 36.9 | K107: =Tabelle2[[#This Row],[Anz]]*Tabelle2[[#This Row],[EH-Preis]] -> 36.9
A108: 42760 | B108: 13 | C108: h | D108: Montage | E108: uh | F108: Arbeit | G108: Arbeit | H108: offen | I108: uh offen | J108: 25 | K108: =Tabelle2[[#This Row],[Anz]]*Tabelle2[[#This Row],[EH-Preis]] -> 325
A109: 42760 | B109: 1 | C109: Pa | D109: Baumeister | E109: AEVG | G109: Entsorgung | H109: bezahlt | J109: 4 | K109: =Tabelle2[[#This Row],[Anz]]*Tabelle2[[#This Row],[EH-Preis]] -> 4
A110: 42760 | B110: 1 | C110: Pa | D110: Boden | E110: Bauhaus | G110: Material | H110: bez | J110: 58.9 | K110: =Tabelle2[[#This Row],[Anz]]*Tabelle2[[#This Row],[EH-Preis]] -> 58.9
A111: 42761 | B111: 12.5 | C111: h | D111: Montage | E111: uh | F111: Arbeit | G111: Arbeit | H111: offen | I111: uh offen | J111: 25 | K111: =Tabelle2[[#This Row],[Anz]]*Tabelle2[[#This Row],[EH-Preis]] -> 312.5
A112: 42761 | B112: 1 | C112: Pa | D112: Montage | E112: Hornbach | G112: Material | H112: bezahlt | J112: 340.8 | K112: =Tabelle2[[#This Row],[Anz]]*Tabelle2[[#This Row],[EH-Preis]] -> 340.8
A113: 42762 | B113: 9 | C113: h | D113: Montage | E113: uh | F113: Arbeit | G113: Arbeit | H113: offen | I113: uh offen | J113: 25 | K113: =Tabelle2[[#This Row],[Anz]]*Tabelle2[[#This Row],[EH-Preis]] -> 225
A114: 42763 | B114: 1 | C114: Pa | D114: Elektro | E114: Hornbach | G114: Material | H114: bezahlt | J114: 31.2 | K114: =Tabelle2[[#This Row],[Anz]]*Tabelle2[[#This Row],[EH-Preis]] -> 31.2
A115: 42763 | B115: 1 | C115: Pa | D115: Fliesen | E115: Obi | F115: diverses | G115: Material | H115: bez | I115: MAD | J115: 217.6 | K115: =Tabelle2[[#This Row],[Anz]]*Tabelle2[[#This Row],[EH-Preis]] -> 217.6
A116: 42763 | B116: 1 | C116: Pa | D116: Maler | E116: Obi | F116: diverses | G116: Material | H116: bez | I116: MAD | J116: 60 | K116: =Tabelle2[[#This Row],[Anz]]*Tabelle2[[#This Row],[EH-Preis]] -> 60
A117: 42763 | B117: 1 | C117: Pa | D117: Fliesen | E117: Obi | F117: diverses | G117: Material | H117: bez | I117: MAD | J117: -68 | K117: =Tabelle2[[#This Row],[Anz]]*Tabelle2[[#This Row],[EH-Preis]] -> -68
A118: 42763 | B118: 1 | C118: Pa. | D118: Allgemein | E118: Reisekosten | F118: Benzin, Auto, ... | G118: Material | H118: bez | I118: Krista | J118: 230 | K118: =Tabelle2[[#This Row],[Anz]]*Tabelle2[[#This Row],[EH-Preis]] -> 230
A119: 42763 | B119: 3 | C119: Stk. | D119: Tür | E119: Hornbach | F119: Türen | G119: Material | H119: bezahlt | I119: Room Nr9 | J119: 79 | K119: =Tabelle2[[#This Row],[Anz]]*Tabelle2[[#This Row],[EH-Preis]] -> 237
A120: 42765 | B120: 1 | C120: Pa. | D120: Montage | E120: Hornbach | F120: div | G120: Material | H120: bezahlt | I120: Thoenen | J120: 183 | K120: =Tabelle2[[#This Row],[Anz]]*Tabelle2[[#This Row],[EH-Preis]] -> 183
A121: 42765 | B121: 6 | C121: h | D121: Montage | E121: uh | F121: Arbeit | G121: Arbeit | H121: offen | I121: uh offen | J121: 25 | K121: =Tabelle2[[#This Row],[Anz]]*Tabelle2[[#This Row],[EH-Preis]] -> 150
A122: 42766 | B122: 5 | C122: h | D122: Montage | E122: uh | F122: Arbeit | G122: Arbeit | H122: offen | I122: uh offen | J122: 25 | K122: =Tabelle2[[#This Row],[Anz]]*Tabelle2[[#This Row],[EH-Preis]] -> 125
A123: 42752 | B123: 16 | C123: h | D123: Maler | E123: Miro & | F123: Arbeit | G123: Arbeit | H123: bez | J123: 12 | K123: =Tabelle2[[#This Row],[Anz]]*Tabelle2[[#This Row],[EH-Preis]] -> 192
A124: 42753 | B124: 14 | C124: h | D124: Baumeister | E124: Miro & | F124: Mehrkosten | G124: Arbeit | H124: bez | J124: 12 | K124: =Tabelle2[[#This Row],[Anz]]*Tabelle2[[#This Row],[EH-Preis]] -> 168
A125: 42754 | B125: 23 | C125: h | D125: Baumeister | E125: Miro & | F125: Mehrkosten | G125: Arbeit | H125: bez | J125: 12 | K125: =Tabelle2[[#This Row],[Anz]]*Tabelle2[[#This Row],[EH-Preis]] -> 276
A126: 42755 | B126: 26 | C126: h | D126: Baumeister | E126: Miro & | F126: Mehrkosten | G126: Arbeit | H126: bez | J126: 12 | K126: =Tabelle2[[#This Row],[Anz]]*Tabelle2[[#This Row],[EH-Preis]] -> 312
A127: 42756 | B127: 17 | C127: h | D127: Fliesen | E127: Miro & | F127: Arbeit | G127: Arbeit | H127: bez | J127: 12 | K127: =Tabelle2[[#This Row],[Anz]]*Tabelle2[[#This Row],[EH-Preis]] -> 204
A128: 42758 | B128: 20 | C128: h | D128: Fliesen | E128: Miro & | F128: Arbeit | G128: Arbeit | H128: bez | J128: 12 | K128: =Tabelle2[[#This Row],[Anz]]*Tabelle2[[#This Row],[EH-Preis]] -> 240
A129: 42758 | B129: 10 | C129: h | D129: Maler | E129: Chief | F129: Arbeit | G129: Arbeit | H129: bez | I129: Chief | J129: 15 | K129: =Tabelle2[[#This Row],[Anz]]*Tabelle2[[#This Row],[EH-Preis]] -> 150
A130: 42759 | B130: 25 | C130: h | D130: Fliesen | E130: Miro & | F130: Arbeit | G130: Arbeit | H130: bez | J130: 12 | K130: =Tabelle2[[#This Row],[Anz]]*Tabelle2[[#This Row],[EH-Preis]] -> 300
A131: 42760 | B131: 21 | C131: h | D131: Maler | E131: Miro & | F131: Arbeit | G131: Arbeit | H131: bez | J131: 12 | K131: =Tabelle2[[#This Row],[Anz]]*Tabelle2[[#This Row],[EH-Preis]] -> 252
A132: 42761 | B132: 18 | C132: h | D132: Maler | E132: Miro & | F132: Arbeit | G132: Arbeit | H132: bez | J132: 12 | K132: =Tabelle2[[#This Row],[Anz]]*Tabelle2[[#This Row],[EH-Preis]] -> 216
A133: 42762 | B133: 7 | C133: h | D133: Baumeister | E133: Miro & | F133: Mehrkosten | G133: Arbeit | H133: bez | J133: 12 | K133: =Tabelle2[[#This Row],[Anz]]*Tabelle2[[#This Row],[EH-Preis]] -> 84
A134: 42763 | B134: 25.5 | C134: h | D134: Maler | E134: Miro & | F134: Arbeit | G134: Arbeit | H134: bez | J134: 12 | K134: =Tabelle2[[#This Row],[Anz]]*Tabelle2[[#This Row],[EH-Preis]] -> 306
A135: 42766 | B135: 1 | C135: Pa | D135: Baumeister | E135: Saubermacher | F135: Schutt u Holz | G135: Entsorgung | H135: bez | I135: Saubermacher | J135: 521.6 | K135: =Tabelle2[[#This Row],[Anz]]*Tabelle2[[#This Row],[EH-Preis]] -> 521.6
A136: 42753 | B136: 1 | C136: Pa. | D136: Heizung | E136: Heizungsanlage | F136: Mehrkosten | G136: Heizung | H136: bez | I136: TFHaustec | J136: 931.2 | K136: =Tabelle2[[#This Row],[Anz]]*Tabelle2[[#This Row],[EH-Preis]] -> 931.2
A137: 42753 | B137: 1 | C137: Pa. | D137: Sanitär | E137: Rohinstall | F137: Material | G137: Sanitär | H137: bez | I137: TFHaustec | J137: 302 | K137: =Tabelle2[[#This Row],[Anz]]*Tabelle2[[#This Row],[EH-Preis]] -> 302
A138: 42753 | B138: 1 | C138: Pa. | D138: Sanitär | E138: Solarregler | F138: Mehrkosten | G138: Elektro | H138: bez | I138: TFHaustec | J138: 168 | K138: =Tabelle2[[#This Row],[Anz]]*Tabelle2[[#This Row],[EH-Preis]] -> 168
A139: 42753 | B139: 1 | C139: Pa. | D139: Sanitär | E139: Regieleistungen | F139: Mehrkosten | G139: Sanitär | H139: bez | I139: TFHaustec | J139: 417 | K139: =Tabelle2[[#This Row],[Anz]]*Tabelle2[[#This Row],[EH-Preis]] -> 417
A140: 42767 | B140: 170 | C140: km | D140: Allgemein | E140: Reisekosten | F140: Benzin, Auto, ... | G140: Material | H140: offen | I140: Room Nr9 | J140: 0.2 | K140: =Tabelle2[[#This Row],[Anz]]*Tabelle2[[#This Row],[EH-Preis]] -> 34
A141: 42767 | B141: 13 | C141: h | D141: Montage | E141: uh | F141: Arbeit | G141: Arbeit | H141: offen | I141: uh offen | J141: 25 | K141: =Tabelle2[[#This Row],[Anz]]*Tabelle2[[#This Row],[EH-Preis]] -> 325
A142: 42767 | B142: 1 | C142: Pa | D142: Elektro | E142: Hornbach | G142: Material | H142: bezahlt | J142: 95.5 | K142: =Tabelle2[[#This Row],[Anz]]*Tabelle2[[#This Row],[EH-Preis]] -> 95.5
A143: 42768 | B143: 170 | C143: km | D143: Allgemein | E143: Reisekosten | F143: Benzin, Auto, ... | G143: Material | H143: offen | I143: Room Nr9 | J143: 0.2 | K143: =Tabelle2[[#This Row],[Anz]]*Tabelle2[[#This Row],[EH-Preis]] -> 34
A144: 42768 | B144: 6 | C144: h | D144: Montage | E144: uh | F144: Arbeit | G144: Arbeit | H144: offen | I144: uh offen | J144: 25 | K144: =Tabelle2[[#This Row],[Anz]]*Tabelle2[[#This Row],[EH-Preis]] -> 150
A145: 42768 | B145: 1 | C145: Pa | D145: Baumeister | E145: AEVG | G145: Entsorgung | H145: bezahlt | J145: 31 | K145: =Tabelle2[[#This Row],[Anz]]*Tabelle2[[#This Row],[EH-Preis]] -> 31
A146: 42768 | B146: 1 | C146: Pa | D146: Fliesen | E146: Hornbach | G146: Material | H146: bezahlt | J146: 428.5 | K146: =Tabelle2[[#This Row],[Anz]]*Tabelle2[[#This Row],[EH-Preis]] -> 428.5
A147: 42768 | B147: 1 | C147: Pa | D147: Allgemein | E147: Hornbach | F147: Transporter | G147: Material | H147: bezahlt | J147: 98 | K147: =Tabelle2[[#This Row],[Anz]]*Tabelle2[[#This Row],[EH-Preis]] -> 98
A148: 42769 | B148: 170 | C148: km | D148: Allgemein | E148: Reisekosten | F148: Benzin, Auto, ... | G148: Material | H148: offen | I148: Room Nr9 | J148: 0.2 | K148: =Tabelle2[[#This Row],[Anz]]*Tabelle2[[#This Row],[EH-Preis]] -> 34
A149: 42769 | B149: 9 | C149: h | D149: Montage | E149: uh | F149: Arbeit | G149: Arbeit | H149: offen | I149: uh offen | J149: 25 | K149: =Tabelle2[[#This Row],[Anz]]*Tabelle2[[#This Row],[EH-Preis]] -> 225
A150: 42769 | B150: 1 | C150: Pa | D150: Montage | E150: Hornbach | G150: Material | H150: bezahlt | J150: 140.3 | K150: =Tabelle2[[#This Row],[Anz]]*Tabelle2[[#This Row],[EH-Preis]] -> 140.3
A151: 42769 | B151: 1 | C151: Pa | D151: Montage | E151: Bauhaus | F151: div | G151: Material | H151: bez | J151: 134.9 | K151: =Tabelle2[[#This Row],[Anz]]*Tabelle2[[#This Row],[EH-Preis]] -> 134.9
A152: 42770 | B152: 4 | C152: h | D152: Montage | E152: uh | F152: Arbeit | G152: Arbeit | H152: offen | I152: uh offen | J152: 25 | K152: =Tabelle2[[#This Row],[Anz]]*Tabelle2[[#This Row],[EH-Preis]] -> 100
A153: 42772 | B153: 170 | C153: km | D153: Allgemein | E153: Reisekosten | F153: Benzin, Auto, ... | G153: Material | H153: offen | I153: Room Nr9 | J153: 0.2 | K153: =Tabelle2[[#This Row],[Anz]]*Tabelle2[[#This Row],[EH-Preis]] -> 34
A154: 42772 | B154: 11 | C154: h | D154: Montage | E154: uh | F154: Arbeit | G154: Arbeit | H154: offen | I154: uh offen | J154: 25 | K154: =Tabelle2[[#This Row],[Anz]]*Tabelle2[[#This Row],[EH-Preis]] -> 275
A155: 42772 | B155: 1 | C155: Pa | D155: Sanitär | E155: Hornbach | G155: Material | H155: bezahlt | J155: 15.9 | K155: =Tabelle2[[#This Row],[Anz]]*Tabelle2[[#This Row],[EH-Preis]] -> 15.9
A156: 42769 | B156: 1 | C156: Pa | D156: Fliesen | E156: Obi | F156: uh | G156: Arbeit | H156: bezahlt | I156: MAD | J156: 107 | K156: =Tabelle2[[#This Row],[Anz]]*Tabelle2[[#This Row],[EH-Preis]] -> 107
A157: 42773 | B157: 1 | C157: Pa | D157: Fliesen | E157: Obi | F157: uh | G157: Arbeit | H157: bezahlt | I157: MAD | J157: 46.8 | K157: =Tabelle2[[#This Row],[Anz]]*Tabelle2[[#This Row],[EH-Preis]] -> 46.8
A158: 42774 | B158: 1 | C158: Pa | D158: Fliesen | E158: Obi | F158: uh | G158: Arbeit | H158: bezahlt | I158: MAD | J158: 10.2 | K158: =Tabelle2[[#This Row],[Anz]]*Tabelle2[[#This Row],[EH-Preis]] -> 10.2
A159: 42775 | B159: 1 | C159: Pa | D159: Elektro | E159: Hornbach | G159: Material | H159: bezahlt | J159: 119.7 | K159: =Tabelle2[[#This Row],[Anz]]*Tabelle2[[#This Row],[EH-Preis]] -> 119.7
A160: 42776 | B160: 1 | C160: Pa | D160: Sanitär | E160: Hornbach | F160: uh | G160: Arbeit | H160: bezahlt | I160: MAD | J160: 48 | K160: =Tabelle2[[#This Row],[Anz]]*Tabelle2[[#This Row],[EH-Preis]] -> 48
A161: 42773 | B161: 1 | C161: Pa | D161: Fliesen | E161: Obi | F161: uh | G161: Arbeit | H161: bezahlt | I161: MAD | J161: 8.3 | K161: =Tabelle2[[#This Row],[Anz]]*Tabelle2[[#This Row],[EH-Preis]] -> 8.3
A162: 42779 | B162: 1 | C162: Pa. | D162: Elektro | E162: Elektro Neubauer | F162: Schalter u Stecker | G162: Elektro | H162: gebucht | J162: 1214 | K162: =Tabelle2[[#This Row],[Anz]]*Tabelle2[[#This Row],[EH-Preis]] -> 1214
A163: 42779 | B163: 1 | C163: Pa. | D163: Elektro | E163: Elektro Neubauer | F163: Mehrkosten | G163: Elektro | H163: gebucht | J163: 1813 | K163: =Tabelle2[[#This Row],[Anz]]*Tabelle2[[#This Row],[EH-Preis]] -> 1813
A164: 42774 | B164: 1 | C164: Pa. | D164: Heizung | E164: Infrarot Heizkörper | F164: El. Heizkörper Thermostat | G164: Heizkörper | H164: bez | I164: Heatness | J164: 214.5 | K164: =Tabelle2[[#This Row],[Anz]]*Tabelle2[[#This Row],[EH-Preis]] -> 214.5
A165: 42775 | B165: 170 | C165: km | D165: Allgemein | E165: Reisekosten | F165: Benzin, Auto, ... | G165: Material | H165: offen | I165: Room Nr9 | J165: 0.2 | K165: =Tabelle2[[#This Row],[Anz]]*Tabelle2[[#This Row],[EH-Preis]] -> 34
A166: 42775 | B166: 10 | C166: h | D166: Montage | E166: uh | F166: Arbeit | G166: Arbeit | H166: offen | I166: uh offen | J166: 25 | K166: =Tabelle2[[#This Row],[Anz]]*Tabelle2[[#This Row],[EH-Preis]] -> 250
A167: 42779 | B167: 170 | C167: km | D167: Allgemein | E167: Reisekosten | F167: Benzin, Auto, ... | G167: Material | H167: offen | I167: Room Nr9 | J167: 0.2 | K167: =Tabelle2[[#This Row],[Anz]]*Tabelle2[[#This Row],[EH-Preis]] -> 34
A168: 42779 | B168: 7 | C168: h | D168: Montage | E168: uh | F168: Arbeit | G168: Arbeit | H168: offen | I168: uh offen | J168: 25 | K168: =Tabelle2[[#This Row],[Anz]]*Tabelle2[[#This Row],[EH-Preis]] -> 175
A169: 42776 | B169: 1 | C169: Pa. | D169: Baumeister | E169: Hornbach | F169: Jahr 2016 | G169: Material | H169: bezahlt | I169: Room Nr9 | J169: 380 | K169: =Tabelle2[[#This Row],[Anz]]*Tabelle2[[#This Row],[EH-Preis]] -> 380
A170: 42776 | B170: 1 | C170: Pa. | D170: Heizung | E170: Infrarot Heizkörper | F170: El. Heizkörper | G170: Heizkörper | H170: offen | I170: Room Nr9 | J170: 450 | K170: =Tabelle2[[#This Row],[Anz]]*Tabelle2[[#This Row],[EH-Preis]] -> 450
A171: 42779 | B171: 1 | C171: Pa. | D171: Elektro | E171: Hornbach | F171: El. Heizkörper Thermostat | G171: Material | H171: bezahlt | J171: 22.6 | K171: =Tabelle2[[#This Row],[Anz]]*Tabelle2[[#This Row],[EH-Preis]] -> 22.6
A172: 42786 | B172: 1 | C172: Pa. | D172: Elektro | E172: Elektro Neubauer | F172: Mehrkosten | G172: Elektro | H172: gebucht | J172: 2963.5 | K172: =Tabelle2[[#This Row],[Anz]]*Tabelle2[[#This Row],[EH-Preis]] -> 2963.5
A173: 42786 | B173: 1 | C173: Pa. | D173: Heizung | E173: Heizungsanlage | F173: Mehrkosten, Regler | G173: Heizung | H173: bez | I173: TFHaustec | J173: 463 | K173: =Tabelle2[[#This Row],[Anz]]*Tabelle2[[#This Row],[EH-Preis]] -> 463
A174: 42781 | B174: 170 | C174: km | D174: Allgemein | E174: Reisekosten | F174: Benzin, Auto, ... | G174: Material | H174: offen | I174: Room Nr9 | J174: 0.2 | K174: =Tabelle2[[#This Row],[Anz]]*Tabelle2[[#This Row],[EH-Preis]] -> 34
A175: 42781 | B175: 10 | C175: h | D175: Montage | E175: uh | F175: Arbeit | G175: Arbeit | H175: offen | I175: uh offen | J175: 25 | K175: =Tabelle2[[#This Row],[Anz]]*Tabelle2[[#This Row],[EH-Preis]] -> 250
A176: 42789 | B176: 6 | C176: h | D176: Montage | E176: uh | F176: Arbeit | G176: Arbeit | H176: offen | I176: uh offen | J176: 25 | K176: =Tabelle2[[#This Row],[Anz]]*Tabelle2[[#This Row],[EH-Preis]] -> 150
...

Sheet DATENBANK
A1: Geschosse
B2: KELLERGESCHOSS | C2: KG
B3: ERDGESCHOSS | C3: EG
B4: 1. OBERGESCHOSS | C4: 1. OG
B5: 2. OBERGESCHOSS | C5: 2. OG
B6: 3. OBERGESCHOSS | C6: 3. OG
B7: 4. OBERGESCHOSS | C7: 4. OG
B8: 5. OBERGESCHOSS | C8: 5. OG
B9: 6. OBERGESCHOSS | C9: 6. OG
B10: 7. OBERGESCHOSS | C10: 7. OG
B11: 8. OBERGESCHOSS | C11: 8. OG
B12: 9. OBERGESCHOSS | C12: 9. OG
B13: 10. OBERGESCHOSS | C13: 10. OG
... B15: Sonstige Fl | C15: SF
A17: Flächenart
B18: Hauptnutzfläche | C18: HNF
B19: Nebennutzfläche | C19: NNF
B20: Verkehresfläche | C20: VF
B21: Freifläche | C21: FF
B22: Allgemein Fläche | C22: Allg. Fl.
A24: Raum
B25: Vorzimmer
B26: WC
B27: Küche
B28: Essen / Wohnen
B29: Gang
B30: Stiegenhaus EG-OG
B31: Teichzimmer
B32: Bad
B33: Garagenzimmer
B34: Diele
B35: Bad - OG
B36: Apartment
... B50: Terrasse
A52: Baukosten
B53: ALLGEMEIN
B54: AUFSCHLIESSUNG
B55: BAUMEISTER
B56: HOLZBAU
B57: STAHLBAU & SCHLOSSER
B58: DACHDECKER & SPENGLER
B59: FENSTER
B60: TUEREN
B61: ELEKTRO
B62: HEIZUNG
B63: SANITÄR
B64: MALER
... B69: AUSSTATTUNG
A71: Priorität
B72: Hoch
B73: Mittel
B74: Nieder
B75: A
B76: B
B77: C
B80: name | C80: BKprom2
B81: ALLGEMEIN | C81: 1.88
B82: Baustelle einrichten | C82: 3
B83: Baustrom | C83: 4
B84: Baustelle frei machen | C84: 1.5
B85: Baustelle sichern | C85: 1.5
B86: Baustelle reinigen | C86: 1.5
B87: Bauherrleistungen | C87: 0
B88: Bestandaufnahme | C88: 1.5
B89: Bestandsgutachen | C89: 0
B90: Abfindungen | C90: 1.5
B91: Ablösen | C91: 1.5
B92: Allgemeine Maßnahmen | C92: 1.5
... B120: AUSBAU | C120: 687
B121: Abbruch
B122: Innenausbau | C122: 173
B123: Elektro | C123: 75
B124: Heizung / Kühlung | C124: 160
B125: Sanitärinstallationen | C125: 45
B126: Sanitärausstattung | C126: 46
B127: Böden | C127: 54
B128: Fliesen | C128: 45
B129: Innentüren | C129: 51
B130: Malerei | C130: 25
B131: Schlosser | C131: 8
B132: Reserven | C132: 5
B133: EINRICHTUNG | C133: 351
... B171: Reserven | C171: 5

Sheet BKS
A1: 100
B4: ELEKTRO
C5: Verteilerkasten | D5: 1 | E5: Stk. | F5: Schläuche, Kabel, UP-Dosen | H5: HNF | I5: 750 | J5: 800
C6: Rohinstallation | D6: =$A$1 -> 100 | E6: m² | F6: Schläuche, Kabel, UP-Dosen | H6: HNF | I6: 25 | J6: 15
C7: Einsatz | E7: Stk. | F7: Schläuche, Kabel, UP-Dosen | H7: HNF | I7: 25 | J7: 12
C8: Rahmen | E8: Stk. | F8: Schalter - Stecker Rahmen neu | H8: HNF | I8: 15 | J8: 19
C10: name | D10: BKprom2
C11: ALLGEMEIN | D11: 1.88
C12: Baustelle einrichten | D12: 3
C13: Baustrom | D13: 4
C14: Baustelle frei machen | D14: 1.5
C15: Baustelle sichern | D15: 1.5
C16: Baustelle reinigen | D16: 1.5
C17: Bauherrleistungen | D17: 0
C18: Bestandaufnahme | D18: 1.5
C19: Bestandsgutachen | D19: 0
C20: Abfindungen | D20: 1.5
C21: Ablösen | D21: 1.5
C22: Allgemeine Maßnahmen | D22: 1.5
... C101: Reserven | D101: 5

Sheet Vergleich
A1: Hausname | B1: Wintergartenhaus | C1: Haus mit Schwimmteich | D1: Altbau | E1: Langhaus mit Aussentreppe | F1: Haus mit Schmimmbad | G1: Braunes Haus | H1: Lannach | I1: Metallaussentreppenhaus
A2: Kaufpreis | B2: 289000 | C2: 255000 | D2: 98000 | E2: 275000 | F2: 297000 | G2: 210000 | H2: 230000 | I2: 289000
A3: Ort | B3: 8302 Nestelbach bei Graz | C3: 8345 Straden | D3: 8333 Riegersburg | E3: 8054 Seiersberg-Pirka | F3: 8321 St. Margarethen /Raab | G3: 8412 Allerheiligen b. Wildon | H3: 8502 Lannach | I3: 8564 Krottendorf
A4: Verfügbarkeit | B4: nach Vereinbarung | C4: ab sofort | D4: ab sofort / 3 Monate ba Kauf? | E4: ab sofort | F4: 42947 | G4: ab sofort | H4: ? | I4: ab sofort
A5: Foto
A6: Adresse | B6: Kogelbuch 32 | E6: Hauptstrasse 27 | G6: Siebing 39 | H6: Mittergasse | I6: Klei Gaisfeld 73
A7: Baujahr | B7: 1987 | D7: Ende 50er Jahre | E7: 1996 | F7: Neubau | G7: 1983 | H7: 1963/ teilsaniert | I7: 1978
A8: Wohnfläche m2 | B8: 168 | C8: 204 | D8: 140 | E8: 190 | F8: 180 | G8: 187 | H8: 145 | I8: 183
A9: Grundfläche m2 | B9: 1019 | C9: 840 | D9: 620 | E9: 525 | F9: 2022 | G9: 3809 | H9: 995 | I9: 1300
A10: Anzahl Zimmer | B10: 5 | C10: 6 | D10: 6 | E10: 4 | F10: 6 | G10: 3.5 + 2 DG auszubauen | H10: 5 | I10: 6
A11: Küchen | B11: 1 | C11: 1 | D11: 1 | E11: 2 | F11: 1 | G11: 1 | H11: 1 | I11: 1
A12: Anzahl WC | B12: 3 | C12: 2 | D12: 1 | E12: 2 | F12: 2 | G12: 1 + 1 DG | H12: 2 | I12: 2
A13: Badezimmer | B13: 3 | C13: 2 | D13: 1 | E13: 2 | F13: 1 | G13: 1 + 1 Douche DG | H13: 2 | I13: 2
A14: Zustand | B14: sehr gut, Riegelbau | C14: gut / sehr gut | D14: Altbau | E14: gut, laufend renoviert | F14: Neubau | G14: gut / sehr gut | H14: teils sanierungsbedürftig | I14: ?
A15: nötige Baumassnahmen | D15: ? | E15: Innentreppe
A16: Heizsystem | B16: E-Heizung, Solar vorbereitet | C16: Öl / Solar / Photovoltaik | D16: Kachelöfen, Tischherd, Infrarot teilw. | H16: ? | I16: Öl Zentral
A17: Dach | B17: Ziegel | C17: Ziegel | D17: Ziegel | E17: Ziegel | F17: Erdwärme | H17: Ziegel | I17: Eternit
A18: Etagen | B18: 2 | C18: 2 | E18: 2 | F18: 2 | G18: 2 | H18: 2 | I18: 2
A19: Keller | B19: ja | C19: ja, grosszügig | D19: 70m2 | F19: ja | G19: ja | H19: ja | I19: ja
A20: Externe Gebäude | E20: Gartenhütte, Weinlaube, Biotop, Brunnen, Gewölbekeller | F20: Gartenhaus, Schwimmbad | G20: Gartenschopf | I20: Schopf zum Sitzen
A21: Autoabstellplatz | B21: Carport 1 | C21: Garage, Carport | D21: Garage | E21: 4 offene Plätze | F21: 2 mit Werkraum | G21: Garage | H21: Garage | I21: Carport 2
A23: KP / m2 Wohnraum | B23: =B2/B8 -> 1720.2381 | C23: =C2/C8 -> 1250 | D23: =D2/D8 -> 700 | E23: =E2/E8 -> 1447.3684 | F23: =F2/F8 -> 1650 | G23: =G2/G8 -> 1122.9947 | H23: =H2/H8 -> 1586.2069 | I23: =I2/I8 -> 1579.235
A24: KP / m2 Grundfläche | B24: =B2/B9 -> 283.61138 | C24: =C2/C9 -> 303.57143 | D24: =D2/D9 -> 158.06452 | E24: =E2/E9 -> 523.80952 | F24: =F2/F9 -> 146.88427 | G24: =G2/G9 -> 55.132581 | H24: =H2/H9 -> 231.15578 | I24: =I2/I9 -> 222.30769
A26: Kontakt am | B26: 42588 | C26: 42590 | D26: 42590 | E26: 42588 | F26: 42590 | G26: 42589 | H26: 42590 | I26: 42590
A27: Verkäufer | B27: Regina Genser | C27: Herbert Bauer | D27: Herr Parmettler | E27: Franz Weinhandel | F27: Hr. Nitsch | G27: Harald Paulich | H27: Dipl Ing. Georg Fragz | I27: Christian Nebel
A28: Link | B28: www.willhaben.at/iad/immobilien/haus-kaufen/steiermark/graz-umgebung/entzückende-grüne-oase-mit-wintergartentraum-168089258 | C28: www.willhaben.at/iad/immobilien/haus-kaufen/steiermark/suedoststeiermark/schoenes-einfamilienhaus-mit-schwimmteich-in-traumhafter-sonnenlage-naehe-gnas-und-gleichenberg-169691352/ | E28: www.willhaben.at/iad/immobilien/haus-kaufen/graz/familienhaus-in-ruhiger-ortslage-128669602/ | F28: www.willhaben.at/iad/immobilien/haus-kaufen/steiermark/weiz/einfamilienhaus-naehe-gleisdorf-168618995/ | G28: www.willhaben.at/iad/immobilien/haus-kaufen/steiermark/Leibnitz/rückzugsort-fuer-die-familie-169276359 | H28: www.immoads.oe24.at/immobilien/haus-kaufen/steiermark/Deutschlandsberg/8502-Lannach/00078861-willkommen-im-familienglueck | I28: www.willhaben.at/iad/immobilien/haus-kaufen/steiermark/voitsberg/wohnhaus-in-ruhiger-sonniger-lage-in-klein-gaisfeld-krottendorf-165759785/
A29: Telefon | B29: +43 664 362 42 98 | C29: +43 664 849 45 14 | D29: +43 664 250 87 78 | E29: +43 664 84 94 517 | F29: +43 664 845 11 583 | H29: +43 680 201 35 30 | I29: +43 664 855 01 06
A30: Objektnummer | B30: 107254 | H30: 78861
E31: fw@neuimmo.com | H31: innoestate
A32: Energieausweis | C32: in Arbeit
A33: HWB (kwh/m2/Jahr | B33: 67 | D33: 270 | E33: 140 | F33: 47 | G33: 94.7 | H33: ? | I33: 77.88
A34: HWB Energieklasse | B34: C | E34: D | G34: C | H34: ? | I34: C
A35: fGee Energieklasse | B35: 1.6 | D35: 3.34 | E35: XX | G35: 1.38 | H35: ? | I35: 1.24
A36: fGee Energieklasse | B36: C | G36: C | H36: ? | I36: C
I37: Karin Ranegger
I38: + 43 3457 4077-88
I39: karin.ranegger@rlb-stmk.raiffeisen.at

Sheet Finanzierung
B1: Start BSPK | D1: WÜRO BSPK | F1: Hypo Stmk. | H1: Steiermärk.
A3: Finanzierungssumme | B3: 157605.82 | D3: 157805.43 | F3: 157500 | H3: 157500
A4: Auszahlungssumme | B4: 150000 | D4: 150000 | F4: 149784.5 | H4: 150244
A5: Laufzeit | B5: 240 | D5: 228 | F5: 180 | H5: 185
A6: Monatliche Rate | B6: 814.76 | D6: 838.68 | F6: 996.92 | H6: 1023.74
B7: =(B6*12)/B3 -> 0.062035273 | D7: =(D6*12)/D3 -> 0.063775752 | F7: =(F6*12)/F3 -> 0.07595581 | H7: =(H6*12)/H3 -> 0.077999238
A9: Kondition Kredit/ Darlehen | B9: 0.01375 | D9: 0.01375 | F9: 0.01625 | H9: 0.0175
A10: Fixzins für 5 Jahre | F10: 5 Jahre
A11: Fixzins für 10 Jahre | B11: 0.021 | D11: 0.022 | H11: 0.01875
A12: anschließend variabel min. | B12: 0.019 | D12: 0.023 | H12: 0.0175
A13: anschließend variabel max. | B13: 0.06 | D13: 0.06
A14: Basis 3 Mon. Eurib./ 12 Mon. Eurib. | B14: 0 | D14: 0 | F14: 0 | H14: 0
A15: Zinssatz effektiv | B15: 0.0276 | D15: 0.029 | F15: 0.024 | H15: 0.023
A16: Gesamtbelastung | B16: 194551.5 | D16: 210567 | F16: 179338.57 | H16: 186611.57
A17: GB Eintragung | B17: 2219 | D17: 2160 | F17: 2268 | H17: 2280
B18: =B17/B34 -> 0.011732858 | D18: =D17/D34 -> 0.011406452 | F18: =F17/F34 -> 0.012 | H18: =H17/H34 -> 0.012063492
A20: Kreditkosten
A21: Bearbeitung/ Bereitstellung | B21: 0.03 | D21: 0.03 | F21: 0.03 | H21: 0.03
A22: GB Gesuch (ca.) | B22: k.A. | D22: 74 | F22: 66 | H22: 37
A23: sonstige (Bewertung) | B23: k.A. | D23: k.A. | F23: 280 | H23: 280
A24: Begl. PU Bank (ca.) | B24: 136.82 | D24: k.A. | F24: 198.5 | H24: k. A.
A25: Verwaltungskostenbeitrag | B25: 750 | D25: 1071.43 | F25: 220 | H25: 100
A26: Kontoführung pro Quartal | B26: 15.6 | D26: 11.44 | F26: 15.34 | H26: 14.48
A27: in mtl. Rate enthalten | B27: ja | D27: ja | F27: ja | H27: ja
A28: GB Auszug Min. 2x pro Jahr | B28: - | D28: ja | F28: - | H28: -
A29: (bei Hinterlegung PU)
A31: Bedingungen
A32: Stille Gehaltsverpfändung | B32: ja | D32: ja | F32: ja | H32: ja
A33: Pfandrechtseintragung | B33: 1.2 | D33: 1.2 | F33: 1.2 | H33: 1.2
A34: Pfandrechtsbetrag | B34: =B33*B3 -> 189126.98 | D34: =D33*D3 -> 189366.52 | F34: =F33*F3 -> 189000 | H34: =H33*H3 -> 189000
A35: Abtretung Risiko | B35: nein | D35: nein | F35: nein | H35: nein
A36: Nachweis Eigenmittel | B36: nein | D36: nein | F36: ja | H36: ja
A37: Treuhandabwicklung | B37: ja | D37: ja | F37: ja | H37: ja
A38: Girokonto Beide | B38: nein | D38: nein | F38: k.A. | H38: ja
A39: Umzug nach Ö (Hauptwohnsitz) | B39: ja | D39: ja | F39: ja | H39: ja

Sheet Baupreise
A1: PosNr | B1: Prio | C1: Ebene | D1: Raum | E1: Gewerk | F1: Anz. | G1: EH | H1: Position | I1: Beschreibung | J1: Zeit | K1: EH-Arbeit | L1: Arbeit | M1: EH-Material2 | N1: Material | O1: Pos.Preis
A2: 2 | B2: - | F2: Teichzimmer
A3: 2_1 | B3: Hoch | C3: EG | D3: Teichzimmer | E3: BAUMEISTER | F3: =Flächen!F11 -> 12.21 | G3: m² | H3: Decke GKP | I3: 9,5 mm | J3: 2 | K3: 20 | L3: =Tabelle14[[#This Row],[Anz.]]*Tabelle14[[#This Row],[EH-Arbeit]] -> 244.2 | M3: 5 | N3: =Tabelle14[[#This Row],[Anz.]]+Tabelle14[[#This Row],[EH-Material2]] -> 17.21 | O3: =(Tabelle14[[#This Row],[EH-Material2]]+Tabelle14[[#This Row],[EH-Arbeit]])*Tabelle14[[#This Row],[Anz.]] -> 305.25
A4: 2_4 | B4: Hoch | C4: EG | D4: Teichzimmer | E4: ELEKTRO | F4: 1 | G4: Stk. | H4: Beleuchtung | I4: Deckenlicht - Fassung | J4: 0.25 | K4: 5 | L4: =Tabelle14[[#This Row],[Anz.]]*Tabelle14[[#This Row],[EH-Arbeit]] -> 5 | M4: 6 | N4: =Tabelle14[[#This Row],[Anz.]]+Tabelle14[[#This Row],[EH-Material2]] -> 7 | O4: =(Tabelle14[[#This Row],[EH-Material2]]+Tabelle14[[#This Row],[EH-Arbeit]])*Tabelle14[[#This Row],[Anz.]] -> 11
A5: 2_5 | B5: Hoch | C5: EG | D5: Teichzimmer | E5: MALER | F5: 1 | G5: Stk. | H5: Heizkörper lackieren | I5: weiss | J5: 0.25 | K5: 23 | L5: =Tabelle14[[#This Row],[Anz.]]*Tabelle14[[#This Row],[EH-Arbeit]] -> 23 | M5: 12 | N5: =Tabelle14[[#This Row],[Anz.]]+Tabelle14[[#This Row],[EH-Material2]] -> 13 | O5: =(Tabelle14[[#This Row],[EH-Material2]]+Tabelle14[[#This Row],[EH-Arbeit]])*Tabelle14[[#This Row],[Anz.]] -> 35
A6: 2_6 | B6: Hoch | C6: EG | D6: Teichzimmer | E6: MALER | F6: =Flächen!F11 -> 12.21 | G6: m² | H6: Spachteln | I6: Klimaglätte | J6: 3 | K6: 8 | L6: =Tabelle14[[#This Row],[Anz.]]*Tabelle14[[#This Row],[EH-Arbeit]] -> 97.68 | M6: 3 | N6: =Tabelle14[[#This Row],[Anz.]]+Tabelle14[[#This Row],[EH-Material2]] -> 15.21 | O6: =(Tabelle14[[#This Row],[EH-Material2]]+Tabelle14[[#This Row],[EH-Arbeit]])*Tabelle14[[#This Row],[Anz.]] -> 134.31
A7: 2_7 | B7: Hoch | C7: EG | D7: Teichzimmer | E7: ELEKTRO | F7: =Flächen!F11 -> 12.21 | G7: m² | H7: Rohinstallation | I7: Kabel u. UP - Dosen | J7: 0.25 | K7: 6 | L7: =Tabelle14[[#This Row],[Anz.]]*Tabelle14[[#This Row],[EH-Arbeit]] -> 73.26 | M7: 4 | N7: =Tabelle14[[#This Row],[Anz.]]+Tabelle14[[#This Row],[EH-Material2]] -> 16.21 | O7: =(Tabelle14[[#This Row],[EH-Material2]]+Tabelle14[[#This Row],[EH-Arbeit]])*Tabelle14[[#This Row],[Anz.]] -> 122.1
A8: 2_8 | B8: Hoch | C8: EG | D8: Teichzimmer | E8: ELEKTRO | F8: 1 | G8: Stk. | H8: Schalter | I8: Schalter Einsatz neu | J8: 0.25 | K8: 10 | L8: =Tabelle14[[#This Row],[Anz.]]*Tabelle14[[#This Row],[EH-Arbeit]] -> 10 | M8: 2 | N8: =Tabelle14[[#This Row],[Anz.]]+Tabelle14[[#This Row],[EH-Material2]] -> 3 | O8: =(Tabelle14[[#This Row],[EH-Material2]]+Tabelle14[[#This Row],[EH-Arbeit]])*Tabelle14[[#This Row],[Anz.]] -> 12
A9: 2_9 | B9: Hoch | C9: EG | D9: Teichzimmer | E9: ELEKTRO | F9: 2 | G9: Stk. | H9: Stecker | I9: Stecker Einsatz neu | J9: 0.25 | K9: 10 | L9: =Tabelle14[[#This Row],[Anz.]]*Tabelle14[[#This Row],[EH-Arbeit]] -> 20 | M9: 2 | N9: =Tabelle14[[#This Row],[Anz.]]+Tabelle14[[#This Row],[EH-Material2]] -> 4 | O9: =(Tabelle14[[#This Row],[EH-Material2]]+Tabelle14[[#This Row],[EH-Arbeit]])*Tabelle14[[#This Row],[Anz.]] -> 24
A10: 2_10 | B10: Hoch | C10: EG | D10: Teichzimmer | E10: ELEKTRO | F10: 3 | G10: Stk. | H10: Rahmen | I10: Schalter - Stecker Rahmen neu | J10: 0.25 | K10: 3 | L10: =Tabelle14[[#This Row],[Anz.]]*Tabelle14[[#This Row],[EH-Arbeit]] -> 9 | M10: 2 | N10: =Tabelle14[[#This Row],[Anz.]]+Tabelle14[[#This Row],[EH-Material2]] -> 5 | O10: =(Tabelle14[[#This Row],[EH-Material2]]+Tabelle14[[#This Row],[EH-Arbeit]])*Tabelle14[[#This Row],[Anz.]] -> 15
A11: 2_11 | B11: Hoch | C11: EG | D11: Teichzimmer | E11: MALER | F11: =Flächen!F11 -> 12.21 | G11: m² | H11: Malen | I11: Dispersion weiss | J11: 1 | K11: 17 | L11: =Tabelle14[[#This Row],[Anz.]]*Tabelle14[[#This Row],[EH-Arbeit]] -> 207.57 | M11: 5 | N11: =Tabelle14[[#This Row],[Anz.]]+Tabelle14[[#This Row],[EH-Material2]] -> 17.21 | O11: =(Tabelle14[[#This Row],[EH-Material2]]+Tabelle14[[#This Row],[EH-Arbeit]])*Tabelle14[[#This Row],[Anz.]] -> 268.62
A12: 2_12 | B12: Hoch | C12: EG | D12: Teichzimmer | E12: MALER | F12: 8 | G12: m² | H12: Ereigniswand | J12: 1 | K12: 12 | L12: =Tabelle14[[#This Row],[Anz.]]*Tabelle14[[#This Row],[EH-Arbeit]] -> 96 | M12: 11 | N12: =Tabelle14[[#This Row],[Anz.]]+Tabelle14[[#This Row],[EH-Material2]] -> 19 | O12: =(Tabelle14[[#This Row],[EH-Material2]]+Tabelle14[[#This Row],[EH-Arbeit]])*Tabelle14[[#This Row],[Anz.]] -> 184
A13: 2_13 | B13: Hoch | C13: EG | D13: Teichzimmer | E13: BODEN - & WANDBELÄGE | F13: =Flächen!F11 -> 12.21 | G13: m² | H13: Vinylboden | I13: inkl. Unterlagsmatten, Sockelleisten und Übergangsschienen | J13: 4 | K13: 19 | L13: =Tabelle14[[#This Row],[Anz.]]*Tabelle14[[#This Row],[EH-Arbeit]] -> 231.99 | M13: 35 | N13: =Tabelle14[[#This Row],[Anz.]]+Tabelle14[[#This Row],[EH-Material2]] -> 47.21 | O13: =(Tabelle14[[#This Row],[EH-Material2]]+Tabelle14[[#This Row],[EH-Arbeit]])*Tabelle14[[#This Row],[Anz.]] -> 659.34
A14: 2_14 | B14: Hoch | C14: EG | D14: Teichzimmer | E14: TUEREN | F14: 1 | G14: Stk. | H14: Innentür | I14: abbrechen und weiss, glatt inkl. Zarge und Drücker | J14: 1.5 | K14: 80 | L14: =Tabelle14[[#This Row],[Anz.]]*Tabelle14[[#This Row],[EH-Arbeit]] -> 80 | M14: 300 | N14: =Tabelle14[[#This Row],[Anz.]]+Tabelle14[[#This Row],[EH-Material2]] -> 301 | O14: =(Tabelle14[[#This Row],[EH-Material2]]+Tabelle14[[#This Row],[EH-Arbeit]])*Tabelle14[[#This Row],[Anz.]] -> 380
A15: 2_15 | B15: Hoch | C15: EG | D15: Teichzimmer | E15: HEIZUNG | F15: 1 | G15: Stk. | H15: Steuerung | I15: Ventilköpe neu | J15: 0.15 | K15: 5 | L15: =Tabelle14[[#This Row],[Anz.]]*Tabelle14[[#This Row],[EH-Arbeit]] -> 5 | M15: 15 | N15: =Tabelle14[[#This Row],[Anz.]]+Tabelle14[[#This Row],[EH-Material2]] -> 16 | O15: =(Tabelle14[[#This Row],[EH-Material2]]+Tabelle14[[#This Row],[EH-Arbeit]])*Tabelle14[[#This Row],[Anz.]] -> 20
A16: 5 | B16: - | F16: Garagenzimmer
A17: 5_1 | B17: Hoch | C17: EG | D17: Garagenzimmer | E17: BAUMEISTER | F17: =Flächen!F13 -> 14 | G17: m² | H17: Decke GKP | I17: 9,5 mm | J17: 2 | K17: 20 | L17: =Tabelle14[[#This Row],[Anz.]]*Tabelle14[[#This Row],[EH-Arbeit]] -> 280 | M17: 5 | N17: =Tabelle14[[#This Row],[Anz.]]+Tabelle14[[#This Row],[EH-Material2]] -> 19 | O17: =(Tabelle14[[#This Row],[EH-Material2]]+Tabelle14[[#This Row],[EH-Arbeit]])*Tabelle14[[#This Row],[Anz.]] -> 350
A18: 5_4 | B18: Hoch | C18: EG | D18: Garagenzimmer | E18: ELEKTRO | F18: 1 | G18: Stk. | H18: Beleuchtung | I18: Deckenlicht - Fassung | J18: 0.25 | K18: 5 | L18: =Tabelle14[[#This Row],[Anz.]]*Tabelle14[[#This Row],[EH-Arbeit]] -> 5 | M18: 6 | N18: =Tabelle14[[#This Row],[Anz.]]+Tabelle14[[#This Row],[EH-Material2]] -> 7 | O18: =(Tabelle14[[#This Row],[EH-Material2]]+Tabelle14[[#This Row],[EH-Arbeit]])*Tabelle14[[#This Row],[Anz.]] -> 11
A19: 5_5 | B19: Hoch | C19: EG | D19: Garagenzimmer | E19: MALER | F19: 1 | G19: Stk. | H19: Heizkörper lackieren | I19: weiss | J19: 0.25 | K19: 23 | L19: =Tabelle14[[#This Row],[Anz.]]*Tabelle14[[#This Row],[EH-Arbeit]] -> 23 | M19: 12 | N19: =Tabelle14[[#This Row],[Anz.]]+Tabelle14[[#This Row],[EH-Material2]] -> 13 | O19: =(Tabelle14[[#This Row],[EH-Material2]]+Tabelle14[[#This Row],[EH-Arbeit]])*Tabelle14[[#This Row],[Anz.]] -> 35
A20: 5_6 | B20: Hoch | C20: EG | D20: Garagenzimmer | E20: MALER | F20: =Flächen!F13 -> 14 | G20: m² | H20: Spachteln | I20: Klimaglätte | J20: 3 | K20: 8 | L20: =Tabelle14[[#This Row],[Anz.]]*Tabelle14[[#This Row],[EH-Arbeit]] -> 112 | M20: 3 | N20: =Tabelle14[[#This Row],[Anz.]]+Tabelle14[[#This Row],[EH-Material2]] -> 17 | O20: =(Tabelle14[[#This Row],[EH-Material2]]+Tabelle14[[#This Row],[EH-Arbeit]])*Tabelle14[[#This Row],[Anz.]] -> 154
A21: 5_7 | B21: Hoch | C21: EG | D21: Garagenzimmer | E21: ELEKTRO | F21: =Flächen!F13 -> 14 | G21: m² | H21: Rohinstallation | I21: Kabel u. UP - Dosen | J21: 0.25 | K21: 6 | L21: =Tabelle14[[#This Row],[Anz.]]*Tabelle14[[#This Row],[EH-Arbeit]] -> 84 | M21: 4 | N21: =Tabelle14[[#This Row],[Anz.]]+Tabelle14[[#This Row],[EH-Material2]] -> 18 | O21: =(Tabelle14[[#This Row],[EH-Material2]]+Tabelle14[[#This Row],[EH-Arbeit]])*Tabelle14[[#This Row],[Anz.]] -> 140
A22: 5_8 | B22: Hoch | C22: EG | D22: Garagenzimmer | E22: ELEKTRO | F22: 2 | G22: Stk. | H22: Stecker | I22: Stecker Einsatz neu | J22: 0.25 | K22: 10 | L22: =Tabelle14[[#This Row],[Anz.]]*Tabelle14[[#This Row],[EH-Arbeit]] -> 20 | M22: 2 | N22: =Tabelle14[[#This Row],[Anz.]]+Tabelle14[[#This Row],[EH-Material2]] -> 4 | O22: =(Tabelle14[[#This Row],[EH-Material2]]+Tabelle14[[#This Row],[EH-Arbeit]])*Tabelle14[[#This Row],[Anz.]] -> 24
A23: 5_9 | B23: Hoch | C23: EG | D23: Garagenzimmer | E23: ELEKTRO | F23: 5 | G23: Stk. | H23: Rahmen | I23: Schalter - Stecker Rahmen neu | J23: 0.25 | K23: 3 | L23: =Tabelle14[[#This Row],[Anz.]]*Tabelle14[[#This Row],[EH-Arbeit]] -> 15 | M23: 2 | N23: =Tabelle14[[#This Row],[Anz.]]+Tabelle14[[#This Row],[EH-Material2]] -> 7 | O23: =(Tabelle14[[#This Row],[EH-Material2]]+Tabelle14[[#This Row],[EH-Arbeit]])*Tabelle14[[#This Row],[Anz.]] -> 25
A24: 5_10 | B24: Hoch | C24: EG | D24: Garagenzimmer | E24: MALER | F24: =Flächen!F13 -> 14 | G24: m² | H24: Malen | I24: Dispersion weiss | J24: 1 | K24: 17 | L24: =Tabelle14[[#This Row],[Anz.]]*Tabelle14[[#This Row],[EH-Arbeit]] -> 238 | M24: 5 | N24: =Tabelle14[[#This Row],[Anz.]]+Tabelle14[[#This Row],[EH-Material2]] -> 19 | O24: =(Tabelle14[[#This Row],[EH-Material2]]+Tabelle14[[#This Row],[EH-Arbeit]])*Tabelle14[[#This Row],[Anz.]] -> 308
A25: 5_11 | B25: Hoch | C25: EG | D25: Garagenzimmer | E25: MALER | F25: 12 | G25: m² | H25: Ereigniswand | J25: 1 | K25: 12 | L25: =Tabelle14[[#This Row],[Anz.]]*Tabelle14[[#This Row],[EH-Arbeit]] -> 144 | M25: 11 | N25: =Tabelle14[[#This Row],[Anz.]]+Tabelle14[[#This Row],[EH-Material2]] -> 23 | O25: =(Tabelle14[[#This Row],[EH-Material2]]+Tabelle14[[#This Row],[EH-Arbeit]])*Tabelle14[[#This Row],[Anz.]] -> 276
A26: 5_12 | B26: Hoch | C26: EG | D26: Garagenzimmer | E26: BODEN - & WANDBELÄGE | F26: =Flächen!F13 -> 14 | G26: m² | H26: Vinylboden | I26: inkl. Unterlagsmatten, Sockelleisten und Übergangsschienen | J26: 4 | K26: 19 | L26: =Tabelle14[[#This Row],[Anz.]]*Tabelle14[[#This Row],[EH-Arbeit]] -> 266 | M26: 35 | N26: =Tabelle14[[#This Row],[Anz.]]+Tabelle14[[#This Row],[EH-Material2]] -> 49 | O26: =(Tabelle14[[#This Row],[EH-Material2]]+Tabelle14[[#This Row],[EH-Arbeit]])*Tabelle14[[#This Row],[Anz.]] -> 756
A27: 5_13 | B27: Hoch | C27: EG | D27: Garagenzimmer | E27: TUEREN | F27: 1 | G27: Stk. | H27: Innentür | I27: abbrechen und weiss, glatt inkl. Zarge und Drücker | J27: 1.5 | K27: 80 | L27: =Tabelle14[[#This Row],[Anz.]]*Tabelle14[[#This Row],[EH-Arbeit]] -> 80 | M27: 300 | N27: =Tabelle14[[#This Row],[Anz.]]+Tabelle14[[#This Row],[EH-Material2]] -> 301 | O27: =(Tabelle14[[#This Row],[EH-Material2]]+Tabelle14[[#This Row],[EH-Arbeit]])*Tabelle14[[#This Row],[Anz.]] -> 380
A28: 5_14 | B28: Hoch | C28: EG | D28: Garagenzimmer | E28: HEIZUNG | F28: 1 | G28: Stk. | H28: Steuerung | I28: Ventilköpe neu | J28: 0.15 | K28: 5 | L28: =Tabelle14[[#This Row],[Anz.]]*Tabelle14[[#This Row],[EH-Arbeit]] -> 5 | M28: 15 | N28: =Tabelle14[[#This Row],[Anz.]]+Tabelle14[[#This Row],[EH-Material2]] -> 16 | O28: =(Tabelle14[[#This Row],[EH-Material2]]+Tabelle14[[#This Row],[EH-Arbeit]])*Tabelle14[[#This Row],[Anz.]] -> 20
A29: 6 | B29: - | F29: Küche
A30: 6_1 | B30: Hoch | C30: EG | D30: Küche | E30: BAUMEISTER | F30: 12 | G30: m² | H30: Decke GKP | I30: 9,5 mm | J30: 2 | K30: 20 | L30: =Tabelle14[[#This Row],[Anz.]]*Tabelle14[[#This Row],[EH-Arbeit]] -> 240 | M30: 5 | N30: =Tabelle14[[#This Row],[Anz.]]+Tabelle14[[#This Row],[EH-Material2]] -> 17 | O30: =(Tabelle14[[#This Row],[EH-Material2]]+Tabelle14[[#This Row],[EH-Arbeit]])*Tabelle14[[#This Row],[Anz.]] -> 300
A31: 6_2 | B31: Hoch | C31: EG | D31: Küche | E31: ELEKTRO | F31: 1 | G31: Stk. | H31: Beleuchtung | I31: Deckenlicht - Fassung | J31: 0.25 | K31: 5 | L31: =Tabelle14[[#This Row],[Anz.]]*Tabelle14[[#This Row],[EH-Arbeit]] -> 5 | M31: 6 | N31: =Tabelle14[[#This Row],[Anz.]]+Tabelle14[[#This Row],[EH-Material2]] -> 7 | O31: =(Tabelle14[[#This Row],[EH-Material2]]+Tabelle14[[#This Row],[EH-Arbeit]])*Tabelle14[[#This Row],[Anz.]] -> 11
A32: 6_3 | B32: Hoch | C32: EG | D32: Küche | E32: MALER | F32: 1 | G32: Stk. | H32: Heizkörper lackieren | I32: weiss | J32: 0.25 | K32: 23 | L32: =Tabelle14[[#This Row],[Anz.]]*Tabelle14[[#This Row],[EH-Arbeit]] -> 23 | M32: 12 | N32: =Tabelle14[[#This Row],[Anz.]]+Tabelle14[[#This Row],[EH-Material2]] -> 13 | O32: =(Tabelle14[[#This Row],[EH-Material2]]+Tabelle14[[#This Row],[EH-Arbeit]])*Tabelle14[[#This Row],[Anz.]] -> 35
A33: 6_4 | B33: Hoch | C33: EG | D33: Küche | E33: MALER | F33: =Flächen!F7 -> 12.23 | G33: m² | H33: Spachteln | I33: Klimaglätte | J33: 2 | K33: 8 | L33: =Tabelle14[[#This Row],[Anz.]]*Tabelle14[[#This Row],[EH-Arbeit]] -> 97.84 | M33: 3 | N33: =Tabelle14[[#This Row],[Anz.]]+Tabelle14[[#This Row],[EH-Material2]] -> 15.23 | O33: =(Tabelle14[[#This Row],[EH-Material2]]+Tabelle14[[#This Row],[EH-Arbeit]])*Tabelle14[[#This Row],[Anz.]] -> 134.53
A34: 6_5 | B34: Hoch | C34: EG | D34: Küche | E34: ELEKTRO | F34: =Flächen!F7 -> 12.23 | G34: m² | H34: Rohinstallation | I34: Kabel u. UP - Dosen | J34: 0.25 | K34: 6 | L34: =Tabelle14[[#This Row],[Anz.]]*Tabelle14[[#This Row],[EH-Arbeit]] -> 73.38 | M34: 4 | N34: =Tabelle14[[#This Row],[Anz.]]+Tabelle14[[#This Row],[EH-Material2]] -> 16.23 | O34: =(Tabelle14[[#This Row],[EH-Material2]]+Tabelle14[[#This Row],[EH-Arbeit]])*Tabelle14[[#This Row],[Anz.]] -> 122.3
A35: 6_6 | B35: Hoch | C35: EG | D35: Küche | E35: ELEKTRO | F35: 2 | G35: Stk. | H35: Stecker | I35: Stecker Einsatz neu | J35: 0.25 | K35: 10 | L35: =Tabelle14[[#This Row],[Anz.]]*Tabelle14[[#This Row],[EH-Arbeit]] -> 20 | M35: 2 | N35: =Tabelle14[[#This Row],[Anz.]]+Tabelle14[[#This Row],[EH-Material2]] -> 4 | O35: =(Tabelle14[[#This Row],[EH-Material2]]+Tabelle14[[#This Row],[EH-Arbeit]])*Tabelle14[[#This Row],[Anz.]] -> 24
A36: 6_7 | B36: Hoch | C36: EG | D36: Küche | E36: ELEKTRO | F36: 6 | G36: Stk. | H36: Rahmen | I36: Schalter - Stecker Rahmen neu | J36: 0.25 | K36: 3 | L36: =Tabelle14[[#This Row],[Anz.]]*Tabelle14[[#This Row],[EH-Arbeit]] -> 18 | M36: 2 | N36: =Tabelle14[[#This Row],[Anz.]]+Tabelle14[[#This Row],[EH-Material2]] -> 8 | O36: =(Tabelle14[[#This Row],[EH-Material2]]+Tabelle14[[#This Row],[EH-Arbeit]])*Tabelle14[[#This Row],[Anz.]] -> 30
A37: 6_8 | B37: Hoch | C37: EG | D37: Küche | E37: MALER | F37: =Flächen!F7 -> 12.23 | G37: m² | H37: Malen | I37: Dispersion gelb | J37: 1 | K37: 17 | L37: =Tabelle14[[#This Row],[Anz.]]*Tabelle14[[#This Row],[EH-Arbeit]] -> 207.91 | M37: 5 | N37: =Tabelle14[[#This Row],[Anz.]]+Tabelle14[[#This Row],[EH-Material2]] -> 17.23 | O37: =(Tabelle14[[#This Row],[EH-Material2]]+Tabelle14[[#This Row],[EH-Arbeit]])*Tabelle14[[#This Row],[Anz.]] -> 269.06
A38: 6_9 | B38: Hoch | C38: EG | D38: Küche | E38: BODEN - & WANDBELÄGE | F38: =Flächen!F7 -> 12.23 | G38: m² | H38: Vinylboden | I38: inkl. Unterlagsmatten, Sockelleisten und Übergangsschienen | J38: 3 | K38: 19 | L38: =Tabelle14[[#This Row],[Anz.]]*Tabelle14[[#This Row],[EH-Arbeit]] -> 232.37 | M38: 35 | N38: =Tabelle14[[#This Row],[Anz.]]+Tabelle14[[#This Row],[EH-Material2]] -> 47.23 | O38: =(Tabelle14[[#This Row],[EH-Material2]]+Tabelle14[[#This Row],[EH-Arbeit]])*Tabelle14[[#This Row],[Anz.]] -> 660.42
A39: 6_10 | B39: Hoch | C39: EG | D39: Küche | E39: TUEREN | F39: 1 | G39: Stk. | H39: Schiebetür | I39: weiss, glatt, | J39: 1 | K39: 110 | L39: =Tabelle14[[#This Row],[Anz.]]*Tabelle14[[#This Row],[EH-Arbeit]] -> 110 | M39: 150 | N39: =Tabelle14[[#This Row],[Anz.]]+Tabelle14[[#This Row],[EH-Material2]] -> 151 | O39: =(Tabelle14[[#This Row],[EH-Material2]]+Tabelle14[[#This Row],[EH-Arbeit]])*Tabelle14[[#This Row],[Anz.]] -> 260
A40: 6_11 | B40: Hoch | C40: EG | D40: Küche | E40: EINRICHTUNG | F40: 25 | G40: Stk. | H40: Griffe auswechseln | I40: Küche | J40: 1 | K40: 5 | L40: =Tabelle14[[#This Row],[Anz.]]*Tabelle14[[#This Row],[EH-Arbeit]] -> 125 | M40: 20 | N40: =Tabelle14[[#This Row],[Anz.]]+Tabelle14[[#This Row],[EH-Material2]] -> 45 | O40: =(Tabelle14[[#This Row],[EH-Material2]]+Tabelle14[[#This Row],[EH-Arbeit]])*Tabelle14[[#This Row],[Anz.]] -> 625
A41: 6_12 | B41: Hoch | C41: EG | D41: Küche | E41: BODEN - & WANDBELÄGE | F41: 6 | G41: m² | H41: Arbeitsfläche - Wand neu | I41: Fliesen auf Fliese | J41: 2 | K41: 35 | L41: =Tabelle14[[#This Row],[Anz.]]*Tabelle14[[#This Row],[EH-Arbeit]] -> 210 | M41: 20 | N41: =Tabelle14[[#This Row],[Anz.]]+Tabelle14[[#This Row],[EH-Material2]] -> 26 | O41: =(Tabelle14[[#This Row],[EH-Material2]]+Tabelle14[[#This Row],[EH-Arbeit]])*Tabelle14[[#This Row],[Anz.]] -> 330
A42: 6_13 | B42: Hoch | C42: EG | D42: Küche | E42: EINRICHTUNG | F42: 1 | G42: Stk. | H42: Arbeitsflächenbeleuchtung | I42: Küche | J42: 1 | K42: 30 | L42: =Tabelle14[[#This Row],[Anz.]]*Tabelle14[[#This Row],[EH-Arbeit]] -> 30 | M42: 110 | N42: =Tabelle14[[#This Row],[Anz.]]+Tabelle14[[#This Row],[EH-Material2]] -> 111 | O42: =(Tabelle14[[#This Row],[EH-Material2]]+Tabelle14[[#This Row],[EH-Arbeit]])*Tabelle14[[#This Row],[Anz.]] -> 140
A43: 6_15 | B43: Hoch | C43: EG | D43: Küche | E43: HEIZUNG | F43: 1 | G43: Stk. | H43: Steuerung | I43: Ventilköpe neu | J43: 0.15 | K43: 5 | L43: =Tabelle14[[#This Row],[Anz.]]*Tabelle14[[#This Row],[EH-Arbeit]] -> 5 | M43: 15 | N43: =Tabelle14[[#This Row],[Anz.]]+Tabelle14[[#This Row],[EH-Material2]] -> 16 | O43: =(Tabelle14[[#This Row],[EH-Material2]]+Tabelle14[[#This Row],[EH-Arbeit]])*Tabelle14[[#This Row],[Anz.]] -> 20
A44: 7 | B44: - | F44: Essen / Wohnen
A45: 7_1 | B45: Hoch | C45: EG | D45: Essen / Wohnen | E45: BAUMEISTER | F45: 1 | G45: Pa. | H45: Abbruch 3x Spotkassette | J45: 0.5 | K45: 30 | L45: =Tabelle14[[#This Row],[Anz.]]*Tabelle14[[#This Row],[EH-Arbeit]] -> 30 | M45: 35 | N45: =Tabelle14[[#This Row],[Anz.]]+Tabelle14[[#This Row],[EH-Material2]] -> 36 | O45: =(Tabelle14[[#This Row],[EH-Material2]]+Tabelle14[[#This Row],[EH-Arbeit]])*Tabelle14[[#This Row],[Anz.]] -> 65
A46: 7_2 | B46: Hoch | C46: EG | D46: Essen / Wohnen | E46: ELEKTRO | F46: 1 | G46: Stk. | H46: Beleuchtung | I46: Deckenlicht - Fassung | J46: 0.25 | K46: 5 | L46: =Tabelle14[[#This Row],[Anz.]]*Tabelle14[[#This Row],[EH-Arbeit]] -> 5 | M46: 6 | N46: =Tabelle14[[#This Row],[Anz.]]+Tabelle14[[#This Row],[EH-Material2]] -> 7 | O46: =(Tabelle14[[#This Row],[EH-Material2]]+Tabelle14[[#This Row],[EH-Arbeit]])*Tabelle14[[#This Row],[Anz.]] -> 11
A47: 7_3 | B47: Hoch | C47: EG | D47: Essen / Wohnen | E47: MALER | F47: 1 | G47: Stk. | H47: Heizkörper lackieren | I47: weiss | J47: 0.25 | K47: 23 | L47: =Tabelle14[[#This Row],[Anz.]]*Tabelle14[[#This Row],[EH-Arbeit]] -> 23 | M47: 12 | N47: =Tabelle14[[#This Row],[Anz.]]+Tabelle14[[#This Row],[EH-Material2]] -> 13 | O47: =(Tabelle14[[#This Row],[EH-Material2]]+Tabelle14[[#This Row],[EH-Arbeit]])*Tabelle14[[#This Row],[Anz.]] -> 35
A48: 7_4 | B48: Hoch | C48: EG | D48: Essen / Wohnen | E48: MALER | F48: =Flächen!F8 -> 39.65 | G48: m² | H48: Spachteln | I48: Klimaglätte | J48: 3 | K48: 8 | L48: =Tabelle14[[#This Row],[Anz.]]*Tabelle14[[#This Row],[EH-Arbeit]] -> 317.2 | M48: 3 | N48: =Tabelle14[[#This Row],[Anz.]]+Tabelle14[[#This Row],[EH-Material2]] -> 42.65 | O48: =(Tabelle14[[#This Row],[EH-Material2]]+Tabelle14[[#This Row],[EH-Arbeit]])*Tabelle14[[#This Row],[Anz.]] -> 436.15
A49: 7_4 | B49: Hoch | C49: EG | D49: Essen / Wohnen | E49: MALER | F49: 12 | G49: m² | H49: Ereigniswand | J49: 1 | K49: 12 | L49: =Tabelle14[[#This Row],[Anz.]]*Tabelle14[[#This Row],[EH-Arbeit]] -> 144 | M49: 11 | N49: =Tabelle14[[#This Row],[Anz.]]+Tabelle14[[#This Row],[EH-Material2]] -> 23 | O49: =(Tabelle14[[#This Row],[EH-Material2]]+Tabelle14[[#This Row],[EH-Arbeit]])*Tabelle14[[#This Row],[Anz.]] -> 276
A50: 7_4 | B50: Hoch | C50: EG | D50: Essen / Wohnen | E50: MALER | F50: 10 | G50: m² | H50: Ereigniswand | J50: 1 | K50: 12 | L50: =Tabelle14[[#This Row],[Anz.]]*Tabelle14[[#This Row],[EH-Arbeit]] -> 120 | M50: 11 | N50: =Tabelle14[[#This Row],[Anz.]]+Tabelle14[[#This Row],[EH-Material2]] -> 21 | O50: =(Tabelle14[[#This Row],[EH-Material2]]+Tabelle14[[#This Row],[EH-Arbeit]])*Tabelle14[[#This Row],[Anz.]] -> 230
A51: 7_5 | B51: Hoch | C51: EG | D51: Essen / Wohnen | E51: ELEKTRO | F51: =Flächen!F24 -> 9 | G51: m² | H51: Rohinstallation | I51: Kabel u. UP - Dosen | J51: 0.25 | K51: 6 | L51: =Tabelle14[[#This Row],[Anz.]]*Tabelle14[[#This Row],[EH-Arbeit]] -> 54 | M51: 4 | N51: =Tabelle14[[#This Row],[Anz.]]+Tabelle14[[#This Row],[EH-Material2]] -> 13 | O51: =(Tabelle14[[#This Row],[EH-Material2]]+Tabelle14[[#This Row],[EH-Arbeit]])*Tabelle14[[#This Row],[Anz.]] -> 90
A52: 7_6 | B52: Hoch | C52: EG | D52: Essen / Wohnen | E52: ELEKTRO | F52: 2 | G52: Stk. | H52: Stecker | I52: Stecker Einsatz neu | J52: 0.25 | K52: 10 | L52: =Tabelle14[[#This Row],[Anz.]]*Tabelle14[[#This Row],[EH-Arbeit]] -> 20 | M52: 2 | N52: =Tabelle14[[#This Row],[Anz.]]+Tabelle14[[#This Row],[EH-Material2]] -> 4 | O52: =(Tabelle14[[#This Row],[EH-Material2]]+Tabelle14[[#This Row],[EH-Arbeit]])*Tabelle14[[#This Row],[Anz.]] -> 24
A53: 7_7 | B53: Hoch | C53: EG | D53: Essen / Wohnen | E53: ELEKTRO | F53: 8 | G53: Stk. | H53: Rahmen | I53: Schalter - Stecker Rahmen neu | J53: 0.25 | K53: 3 | L53: =Tabelle14[[#This Row],[Anz.]]*Tabelle14[[#This Row],[EH-Arbeit]] -> 24 | M53: 2 | N53: =Tabelle14[[#This Row],[Anz.]]+Tabelle14[[#This Row],[EH-Material2]] -> 10 | O53: =(Tabelle14[[#This Row],[EH-Material2]]+Tabelle14[[#This Row],[EH-Arbeit]])*Tabelle14[[#This Row],[Anz.]] -> 40
A54: 7_9 | B54: Hoch | C54: EG | D54: Essen / Wohnen | E54: BODEN - & WANDBELÄGE | F54: =Flächen!F8 -> 39.65 | G54: m² | H54: Boden abbrechen | J54: 3 | K54: 4 | L54: =Tabelle14[[#This Row],[Anz.]]*Tabelle14[[#This Row],[EH-Arbeit]] -> 158.6 | M54: 2 | N54: =Tabelle14[[#This Row],[Anz.]]+Tabelle14[[#This Row],[EH-Material2]] -> 41.65 | O54: =(Tabelle14[[#This Row],[EH-Material2]]+Tabelle14[[#This Row],[EH-Arbeit]])*Tabelle14[[#This Row],[Anz.]] -> 237.9
A55: 7_12 | B55: Hoch | C55: EG | D55: Essen / Wohnen | E55: FENSTER | F55: 1 | G55: Stk. | H55: Fixferglasung | I55: Esstisch | J55: 1 | K55: 60 | L55: =Tabelle14[[#This Row],[Anz.]]*Tabelle14[[#This Row],[EH-Arbeit]] -> 60 | M55: 330 | N55: =Tabelle14[[#This Row],[Anz.]]+Tabelle14[[#This Row],[EH-Material2]] -> 331 | O55: =(Tabelle14[[#This Row],[EH-Material2]]+Tabelle14[[#This Row],[EH-Arbeit]])*Tabelle14[[#This Row],[Anz.]] -> 390
A56: 7_8 | B56: Hoch | C56: EG | D56: Essen / Wohnen | E56: MALER | F56: =Flächen!F8 -> 39.65 | G56: m² | H56: Malen | I56: Dispersion gelb | J56: 1 | K56: 17 | L56: =Tabelle14[[#This Row],[Anz.]]*Tabelle14[[#This Row],[EH-Arbeit]] -> 674.05 | M56: 5 | N56: =Tabelle14[[#This Row],[Anz.]]+Tabelle14[[#This Row],[EH-Material2]] -> 44.65 | O56: =(Tabelle14[[#This Row],[EH-Material2]]+Tabelle14[[#This Row],[EH-Arbeit]])*Tabelle14[[#This Row],[Anz.]] -> 872.3
A57: 7_9 | B57: Hoch | C57: EG | D57: Essen / Wohnen | E57: BODEN - & WANDBELÄGE | F57: =Flächen!F8 -> 39.65 | G57: m² | H57: Landhausdiele | I57: inkl. Unterlagsmatten, Sockelleisten und Übergangsschienen | J57: 7 | K57: 19 | L57: =Tabelle14[[#This Row],[Anz.]]*Tabelle14[[#This Row],[EH-Arbeit]] -> 753.35 | M57: 55 | N57: =Tabelle14[[#This Row],[Anz.]]+Tabelle14[[#This Row],[EH-Material2]] -> 94.65 | O57: =(Tabelle14[[#This Row],[EH-Material2]]+Tabelle14[[#This Row],[EH-Arbeit]])*Tabelle14[[#This Row],[Anz.]] -> 2934.1
A58: 7_10 | B58: Hoch | C58: EG | D58: Essen / Wohnen | E58: TUEREN | F58: 2 | G58: Stk. | H58: Innentür | I58: lackieren weiss | J58: 2 | K58: 60 | L58: =Tabelle14[[#This Row],[Anz.]]*Tabelle14[[#This Row],[EH-Arbeit]] -> 120 | M58: 25 | N58: =Tabelle14[[#This Row],[Anz.]]+Tabelle14[[#This Row],[EH-Material2]] -> 27 | O58: =(Tabelle14[[#This Row],[EH-Material2]]+Tabelle14[[#This Row],[EH-Arbeit]])*Tabelle14[[#This Row],[Anz.]] -> 170
A59: 7_14 | B59: Hoch | C59: EG | D59: Essen / Wohnen | E59: ELEKTRO | F59: 3 | G59: Stk. | H59: LED-Schiene | I59: Stuck | J59: 2 | K59: 90 | L59: =Tabelle14[[#This Row],[Anz.]]*Tabelle14[[#This Row],[EH-Arbeit]] -> 270 | M59: 75 | N59: =Tabelle14[[#This Row],[Anz.]]+Tabelle14[[#This Row],[EH-Material2]] -> 78 | O59: =(Tabelle14[[#This Row],[EH-Material2]]+Tabelle14[[#This Row],[EH-Arbeit]])*Tabelle14[[#This Row],[Anz.]] -> 495
A60: 7_15 | B60: Hoch | C60: EG | D60: Essen / Wohnen | E60: EINRICHTUNG | F60: 1 | G60: Stk. | H60: Vorhangschiene | I60: Stuck | J60: 1 | K60: 60 | L60: =Tabelle14[[#This Row],[Anz.]]*Tabelle14[[#This Row],[EH-Arbeit]] -> 60 | M60: 70 | N60: =Tabelle14[[#This Row],[Anz.]]+Tabelle14[[#This Row],[EH-Material2]] -> 71 | O60: =(Tabelle14[[#This Row],[EH-Material2]]+Tabelle14[[#This Row],[EH-Arbeit]])*Tabelle14[[#This Row],[Anz.]] -> 130
A61: 7_16 | B61: Hoch | C61: EG | D61: Essen / Wohnen | E61: HEIZUNG | F61: 1 | G61: Stk. | H61: Steuerung | I61: Ventilköpe neu | J61: 0.15 | K61: 5 | L61: =Tabelle14[[#This Row],[Anz.]]*Tabelle14[[#This Row],[EH-Arbeit]] -> 5 | M61: 15 | N61: =Tabelle14[[#This Row],[Anz.]]+Tabelle14[[#This Row],[EH-Material2]] -> 16 | O61: =(Tabelle14[[#This Row],[EH-Material2]]+Tabelle14[[#This Row],[EH-Arbeit]])*Tabelle14[[#This Row],[Anz.]] -> 20
A62: 7_17 | B62: Hoch | C62: EG | D62: Essen / Wohnen | E62: AUSSTATTUNG | F62: 1 | G62: Stk. | H62: Rauchmelder | J62: 0.15 | K62: 10 | L62: =Tabelle14[[#This Row],[Anz.]]*Tabelle14[[#This Row],[EH-Arbeit]] -> 10 | M62: 35 | N62: =Tabelle14[[#This Row],[Anz.]]+Tabelle14[[#This Row],[EH-Material2]] -> 36 | O62: =(Tabelle14[[#This Row],[EH-Material2]]+Tabelle14[[#This Row],[EH-Arbeit]])*Tabelle14[[#This Row],[Anz.]] -> 45
A63: 8 | B63: - | F63: WC
A64: 8_1 | B64: Nieder | C64: EG | D64: WC | E64: BAUMEISTER | F64: 1 | G64: Pa. | H64: Trockenbau | I64: WC Strang verkleiden | J64: 1 | K64: 30 | L64: =Tabelle14[[#This Row],[Anz.]]*Tabelle14[[#This Row],[EH-Arbeit]] -> 30 | M64: 25 | N64: =Tabelle14[[#This Row],[Anz.]]+Tabelle14[[#This Row],[EH-Material2]] -> 26 | O64: =(Tabelle14[[#This Row],[EH-Material2]]+Tabelle14[[#This Row],[EH-Arbeit]])*Tabelle14[[#This Row],[Anz.]] -> 55
A65: 8_2 | B65: Hoch | C65: EG | D65: WC | E65: MALER | F65: 1 | G65: Stk. | H65: Heizkörper lackieren | I65: weiss | J65: 0.25 | K65: 23 | L65: =Tabelle14[[#This Row],[Anz.]]*Tabelle14[[#This Row],[EH-Arbeit]] -> 23 | M65: 12 | N65: =Tabelle14[[#This Row],[Anz.]]+Tabelle14[[#This Row],[EH-Material2]] -> 13 | O65: =(Tabelle14[[#This Row],[EH-Material2]]+Tabelle14[[#This Row],[EH-Arbeit]])*Tabelle14[[#This Row],[Anz.]] -> 35
A66: 8_3 | B66: Hoch | C66: EG | D66: WC | E66: ELEKTRO | F66: 2 | G66: Stk. | H66: Beleuchtung | I66: Deckenlicht - Fassung | J66: 0.25 | K66: 5 | L66: =Tabelle14[[#This Row],[Anz.]]*Tabelle14[[#This Row],[EH-Arbeit]] -> 10 | M66: 6 | N66: =Tabelle14[[#This Row],[Anz.]]+Tabelle14[[#This Row],[EH-Material2]] -> 8 | O66: =(Tabelle14[[#This Row],[EH-Material2]]+Tabelle14[[#This Row],[EH-Arbeit]])*Tabelle14[[#This Row],[Anz.]] -> 22
A67: 8_5 | B67: Hoch | C67: EG | D67: WC | E67: ELEKTRO | F67: 1 | G67: Stk. | H67: Schalter | I67: Schalter Einsatz neu | J67: 0.25 | K67: 10 | L67: =Tabelle14[[#This Row],[Anz.]]*Tabelle14[[#This Row],[EH-Arbeit]] -> 10 | M67: 2 | N67: =Tabelle14[[#This Row],[Anz.]]+Tabelle14[[#This Row],[EH-Material2]] -> 3 | O67: =(Tabelle14[[#This Row],[EH-Material2]]+Tabelle14[[#This Row],[EH-Arbeit]])*Tabelle14[[#This Row],[Anz.]] -> 12
A68: 8_5 | B68: Hoch | C68: EG | D68: WC | E68: ELEKTRO | F68: 1 | G68: Stk. | H68: Rahmen | I68: Schalter - Stecker Rahmen neu | J68: 0.25 | K68: 3 | L68: =Tabelle14[[#This Row],[Anz.]]*Tabelle14[[#This Row],[EH-Arbeit]] -> 3 | M68: 2 | N68: =Tabelle14[[#This Row],[Anz.]]+Tabelle14[[#This Row],[EH-Material2]] -> 3 | O68: =(Tabelle14[[#This Row],[EH-Material2]]+Tabelle14[[#This Row],[EH-Arbeit]])*Tabelle14[[#This Row],[Anz.]] -> 5
A69: 8_6 | B69: Hoch | C69: EG | D69: WC | E69: MALER | F69: =Flächen!F6 -> 2.14 | G69: m² | H69: Malen | I69: Dispersion weiss | J69: 1 | K69: 17 | L69: =Tabelle14[[#This Row],[Anz.]]*Tabelle14[[#This Row],[EH-Arbeit]] -> 36.38 | M69: 5 | N69: =Tabelle14[[#This Row],[Anz.]]+Tabelle14[[#This Row],[EH-Material2]] -> 7.14 | O69: =(Tabelle14[[#This Row],[EH-Material2]]+Tabelle14[[#This Row],[EH-Arbeit]])*Tabelle14[[#This Row],[Anz.]] -> 47.08
A70: 8_8 | B70: Hoch | C70: EG | D70: WC | E70: SANITÄR | F70: 1 | G70: Stk. | H70: Sitz | J70: 1 | K70: 30 | L70: =Tabelle14[[#This Row],[Anz.]]*Tabelle14[[#This Row],[EH-Arbeit]] -> 30 | M70: 60 | N70: =Tabelle14[[#This Row],[Anz.]]+Tabelle14[[#This Row],[EH-Material2]] -> 61 | O70: =(Tabelle14[[#This Row],[EH-Material2]]+Tabelle14[[#This Row],[EH-Arbeit]])*Tabelle14[[#This Row],[Anz.]] -> 90
A71: 8_11 | B71: Mittel | C71: EG | D71: WC | E71: TUEREN | F71: 1 | G71: Stk. | H71: Innentür | I71: abbrechen und weiss, glatt inkl. Zarge und Drücker | J71: 1.5 | K71: 80 | L71: =Tabelle14[[#This Row],[Anz.]]*Tabelle14[[#This Row],[EH-Arbeit]] -> 80 | M71: 300 | N71: =Tabelle14[[#This Row],[Anz.]]+Tabelle14[[#This Row],[EH-Material2]] -> 301 | O71: =(Tabelle14[[#This Row],[EH-Material2]]+Tabelle14[[#This Row],[EH-Arbeit]])*Tabelle14[[#This Row],[Anz.]] -> 380
A72: 8_12 | B72: Hoch | C72: EG | D72: WC | E72: HEIZUNG | F72: 1 | G72: Stk. | H72: Steuerung | I72: Ventilköpe neu | J72: 0.15 | K72: 5 | L72: =Tabelle14[[#This Row],[Anz.]]*Tabelle14[[#This Row],[EH-Arbeit]] -> 5 | M72: 15 | N72: =Tabelle14[[#This Row],[Anz.]]+Tabelle14[[#This Row],[EH-Material2]] -> 16 | O72: =(Tabelle14[[#This Row],[EH-Material2]]+Tabelle14[[#This Row],[EH-Arbeit]])*Tabelle14[[#This Row],[Anz.]] -> 20
A73: 4 | B73: - | F73: Bad
A74: 4_1 | B74: Hoch | C74: EG | D74: Bad | E74: BAUMEISTER | F74: 1 | G74: Pa. | H74: Abbruch Sanitär | I74: Sanitärgegenstände | J74: 1 | K74: 30 | L74: =Tabelle14[[#This Row],[Anz.]]*Tabelle14[[#This Row],[EH-Arbeit]] -> 30 | M74: 78 | N74: =Tabelle14[[#This Row],[Anz.]]+Tabelle14[[#This Row],[EH-Material2]] -> 79 | O74: =(Tabelle14[[#This Row],[EH-Material2]]+Tabelle14[[#This Row],[EH-Arbeit]])*Tabelle14[[#This Row],[Anz.]] -> 108
A75: 4_2 | B75: Hoch | C75: EG | D75: Bad | E75: BAUMEISTER | F75: 1 | G75: Pa. | H75: Abbruch Decke | J75: 2 | K75: 60 | L75: =Tabelle14[[#This Row],[Anz.]]*Tabelle14[[#This Row],[EH-Arbeit]] -> 60 | M75: 65 | N75: =Tabelle14[[#This Row],[Anz.]]+Tabelle14[[#This Row],[EH-Material2]] -> 66 | O75: =(Tabelle14[[#This Row],[EH-Material2]]+Tabelle14[[#This Row],[EH-Arbeit]])*Tabelle14[[#This Row],[Anz.]] -> 125
A76: 4_3 | B76: Hoch | C76: EG | D76: Bad | E76: ELEKTRO | F76: 2 | G76: Stk. | H76: Beleuchtung | I76: Deckenlicht - Fassung | J76: 0.15 | K76: 5 | L76: =Tabelle14[[#This Row],[Anz.]]*Tabelle14[[#This Row],[EH-Arbeit]] -> 10 | M76: 6 | N76: =Tabelle14[[#This Row],[Anz.]]+Tabelle14[[#This Row],[EH-Material2]] -> 8 | O76: =(Tabelle14[[#This Row],[EH-Material2]]+Tabelle14[[#This Row],[EH-Arbeit]])*Tabelle14[[#This Row],[Anz.]] -> 22
A77: 4_4 | B77: Hoch | C77: EG | D77: Bad | E77: MALER | F77: 1 | G77: Stk. | H77: Heizkörper lackieren | I77: weiss | J77: 0.25 | K77: 23 | L77: =Tabelle14[[#This Row],[Anz.]]*Tabelle14[[#This Row],[EH-Arbeit]] -> 23 | M77: 12 | N77: =Tabelle14[[#This Row],[Anz.]]+Tabelle14[[#This Row],[EH-Material2]] -> 13 | O77: =(Tabelle14[[#This Row],[EH-Material2]]+Tabelle14[[#This Row],[EH-Arbeit]])*Tabelle14[[#This Row],[Anz.]] -> 35
A78: 4_5 | B78: Hoch | C78: EG | D78: Bad | E78: SANITÄR | F78: 1 | G78: Pa. | H78: Rohinstallation | K78: 600 | L78: =Tabelle14[[#This Row],[Anz.]]*Tabelle14[[#This Row],[EH-Arbeit]] -> 600 | M78: 500 | N78: =Tabelle14[[#This Row],[Anz.]]+Tabelle14[[#This Row],[EH-Material2]] -> 501 | O78: =(Tabelle14[[#This Row],[EH-Material2]]+Tabelle14[[#This Row],[EH-Arbeit]])*Tabelle14[[#This Row],[Anz.]] -> 1100
A79: 4_6 | B79: Hoch | C79: EG | D79: Bad | E79: MALER | F79: 15 | G79: m² | H79: Wandspachtelung | I79: Spachtelung auf Fliese | J79: 2 | K79: 19 | L79: =Tabelle14[[#This Row],[Anz.]]*Tabelle14[[#This Row],[EH-Arbeit]] -> 285 | M79: 5 | N79: =Tabelle14[[#This Row],[Anz.]]+Tabelle14[[#This Row],[EH-Material2]] -> 20 | O79: =(Tabelle14[[#This Row],[EH-Material2]]+Tabelle14[[#This Row],[EH-Arbeit]])*Tabelle14[[#This Row],[Anz.]] -> 360
A80: 4_7 | B80: Hoch | C80: EG | D80: Bad | E80: ELEKTRO | F80: =Flächen!F12 -> 9.86 | G80: m² | H80: Rohinstallation | I80: Kabel u. UP - Dosen | J80: 0.25 | K80: 6 | L80: =Tabelle14[[#This Row],[Anz.]]*Tabelle14[[#This Row],[EH-Arbeit]] -> 59.16 | M80: 4 | N80: =Tabelle14[[#This Row],[Anz.]]+Tabelle14[[#This Row],[EH-Material2]] -> 13.86 | O80: =(Tabelle14[[#This Row],[EH-Material2]]+Tabelle14[[#This Row],[EH-Arbeit]])*Tabelle14[[#This Row],[Anz.]] -> 98.6
A81: 4_7 | B81: Hoch | C81: EG | D81: Bad | E81: ELEKTRO | F81: 6 | G81: Stk. | H81: Stecker | I81: Stecker Einsatz neu | J81: 0.25 | K81: 10 | L81: =Tabelle14[[#This Row],[Anz.]]*Tabelle14[[#This Row],[EH-Arbeit]] -> 60 | M81: 2 | N81: =Tabelle14[[#This Row],[Anz.]]+Tabelle14[[#This Row],[EH-Material2]] -> 8 | O81: =(Tabelle14[[#This Row],[EH-Material2]]+Tabelle14[[#This Row],[EH-Arbeit]])*Tabelle14[[#This Row],[Anz.]] -> 72
A82: 4_7 | B82: Hoch | C82: EG | D82: Bad | E82: ELEKTRO | F82: 2 | G82: Stk. | H82: Schalter | I82: Stecker Einsatz neu | J82: 0.25 | K82: 10 | L82: =Tabelle14[[#This Row],[Anz.]]*Tabelle14[[#This Row],[EH-Arbeit]] -> 20 | M82: 2 | N82: =Tabelle14[[#This Row],[Anz.]]+Tabelle14[[#This Row],[EH-Material2]] -> 4 | O82: =(Tabelle14[[#This Row],[EH-Material2]]+Tabelle14[[#This Row],[EH-Arbeit]])*Tabelle14[[#This Row],[Anz.]] -> 24
A83: 4_7 | B83: Hoch | C83: EG | D83: Bad | E83: ELEKTRO | F83: 7 | G83: Stk. | H83: Rahmen | I83: Schalter - Stecker Rahmen neu | J83: 0.25 | K83: 3 | L83: =Tabelle14[[#This Row],[Anz.]]*Tabelle14[[#This Row],[EH-Arbeit]] -> 21 | M83: 2 | N83: =Tabelle14[[#This Row],[Anz.]]+Tabelle14[[#This Row],[EH-Material2]] -> 9 | O83: =(Tabelle14[[#This Row],[EH-Material2]]+Tabelle14[[#This Row],[EH-Arbeit]])*Tabelle14[[#This Row],[Anz.]] -> 35
A84: 4_8 | B84: Hoch | C84: EG | D84: Bad | E84: MALER | F84: =Flächen!F12 -> 9.86 | G84: m² | H84: Malen | I84: Dispersion weiss | J84: 1 | K84: 17 | L84: =Tabelle14[[#This Row],[Anz.]]*Tabelle14[[#This Row],[EH-Arbeit]] -> 167.62 | M84: 5 | N84: =Tabelle14[[#This Row],[Anz.]]+Tabelle14[[#This Row],[EH-Material2]] -> 14.86 | O84: =(Tabelle14[[#This Row],[EH-Material2]]+Tabelle14[[#This Row],[EH-Arbeit]])*Tabelle14[[#This Row],[Anz.]] -> 216.92
A85: 4_9 | B85: Hoch | C85: EG | D85: Bad | E85: HEIZUNG | F85: 6 | G85: m² | H85: Fußbodenheizung | I85: elektrisch | J85: 2 | K85: 13 | L85: =Tabelle14[[#This Row],[Anz.]]*Tabelle14[[#This Row],[EH-Arbeit]] -> 78 | M85: 50 | N85: =Tabelle14[[#This Row],[Anz.]]+Tabelle14[[#This Row],[EH-Material2]] -> 56 | O85: =(Tabelle14[[#This Row],[EH-Material2]]+Tabelle14[[#This Row],[EH-Arbeit]])*Tabelle14[[#This Row],[Anz.]] -> 378
A86: 4_16 | B86: Hoch | C86: EG | D86: Bad | E86: BODEN - & WANDBELÄGE | F86: 6 | G86: m² | H86: Fußbodenheizung einspachteln | I86: Boden | J86: 1 | K86: 0 | L86: =Tabelle14[[#This Row],[Anz.]]*Tabelle14[[#This Row],[EH-Arbeit]] -> 0 | M86: 7 | N86: =Tabelle14[[#This Row],[Anz.]]+Tabelle14[[#This Row],[EH-Material2]] -> 13 | O86: =(Tabelle14[[#This Row],[EH-Material2]]+Tabelle14[[#This Row],[EH-Arbeit]])*Tabelle14[[#This Row],[Anz.]] -> 42
A87: 4_10 | B87: Hoch | C87: EG | D87: Bad | E87: BODEN - & WANDBELÄGE | F87: 15 | G87: m² | H87: Dichtanstrich | I87: Boden / Wand | J87: 1 | K87: 8 | L87: =Tabelle14[[#This Row],[Anz.]]*Tabelle14[[#This Row],[EH-Arbeit]] -> 120 | M87: 8 | N87: =Tabelle14[[#This Row],[Anz.]]+Tabelle14[[#This Row],[EH-Material2]] -> 23 | O87: =(Tabelle14[[#This Row],[EH-Material2]]+Tabelle14[[#This Row],[EH-Arbeit]])*Tabelle14[[#This Row],[Anz.]] -> 240
A88: 4_11 | B88: Hoch | C88: EG | D88: Bad | E88: BODEN - & WANDBELÄGE | F88: =Flächen!F12 -> 9.86 | G88: m² | H88: Boden-Fliesen | I88: inkl. Kleber, Sockellfliesen, Übergangsschienen und Silikonfugen | J88: 5 | K88: 0 | L88: =Tabelle14[[#This Row],[Anz.]]*Tabelle14[[#This Row],[EH-Arbeit]] -> 0 | M88: 25 | N88: =Tabelle14[[#This Row],[Anz.]]+Tabelle14[[#This Row],[EH-Material2]] -> 34.86 | O88: =(Tabelle14[[#This Row],[EH-Material2]]+Tabelle14[[#This Row],[EH-Arbeit]])*Tabelle14[[#This Row],[Anz.]] -> 246.5
A89: 4_12 | B89: Hoch | C89: EG | D89: Bad | E89: SANITÄR | F89: 1 | G89: Pa. | H89: WM-Anschluss | I89: inkl. Amarturen | K89: 30 | L89: =Tabelle14[[#This Row],[Anz.]]*Tabelle14[[#This Row],[EH-Arbeit]] -> 30 | M89: 150 | N89: =Tabelle14[[#This Row],[Anz.]]+Tabelle14[[#This Row],[EH-Material2]] -> 151 | O89: =(Tabelle14[[#This Row],[EH-Material2]]+Tabelle14[[#This Row],[EH-Arbeit]])*Tabelle14[[#This Row],[Anz.]] -> 180
A90: 4_13 | B90: Hoch | C90: EG | D90: Bad | E90: SANITÄR | F90: 1 | G90: Pa. | H90: Dusche | I90: inkl. Amarturen | J90: 2 | K90: 180 | L90: =Tabelle14[[#This Row],[Anz.]]*Tabelle14[[#This Row],[EH-Arbeit]] -> 180 | M90: 750 | N90: =Tabelle14[[#This Row],[Anz.]]+Tabelle14[[#This Row],[EH-Material2]] -> 751 | O90: 700
A91: 4_14 | B91: Hoch | C91: EG | D91: Bad | E91: SANITÄR | F91: 1 | G91: Pa. | H91: Waschtisch | J91: 1 | K91: 75 | L91: =Tabelle14[[#This Row],[Anz.]]*Tabelle14[[#This Row],[EH-Arbeit]] -> 75 | M91: 450 | N91: =Tabelle14[[#This Row],[Anz.]]+Tabelle14[[#This Row],[EH-Material2]] -> 451 | O91: =(Tabelle14[[#This Row],[EH-Material2]]+Tabelle14[[#This Row],[EH-Arbeit]])*Tabelle14[[#This Row],[Anz.]] -> 525
A92: 4_15 | B92: Hoch | C92: EG | D92: Bad | E92: BODEN - & WANDBELÄGE | F92: 10 | G92: m² | H92: Wand-Fliesen | I92: Wand | J92: 3 | K92: 25 | L92: =Tabelle14[[#This Row],[Anz.]]*Tabelle14[[#This Row],[EH-Arbeit]] -> 250 | M92: 25 | N92: =Tabelle14[[#This Row],[Anz.]]+Tabelle14[[#This Row],[EH-Material2]] -> 35 | O92: =(Tabelle14[[#This Row],[EH-Material2]]+Tabelle14[[#This Row],[EH-Arbeit]])*Tabelle14[[#This Row],[Anz.]] -> 500
A93: 4_17 | B93: Hoch | C93: EG | D93: Bad | E93: TUEREN | F93: 1 | G93: Stk. | H93: Innentür | I93: abbrechen und weiss, glatt inkl. Zarge und Drücker | J93: 1.5 | K93: 80 | L93: =Tabelle14[[#This Row],[Anz.]]*Tabelle14[[#This Row],[EH-Arbeit]] -> 80 | M93: 300 | N93: =Tabelle14[[#This Row],[Anz.]]+Tabelle14[[#This Row],[EH-Material2]] -> 301 | O93: =(Tabelle14[[#This Row],[EH-Material2]]+Tabelle14[[#This Row],[EH-Arbeit]])*Tabelle14[[#This Row],[Anz.]] -> 380
A94: 4_18 | B94: Hoch | C94: EG | D94: Bad | E94: HEIZUNG | F94: 1 | G94: Stk. | H94: Steuerung | I94: Ventilköpe neu | J94: 0.15 | K94: 5 | L94: =Tabelle14[[#This Row],[Anz.]]*Tabelle14[[#This Row],[EH-Arbeit]] -> 5 | M94: 15 | N94: =Tabelle14[[#This Row],[Anz.]]+Tabelle14[[#This Row],[EH-Material2]] -> 16 | O94: =(Tabelle14[[#This Row],[EH-Material2]]+Tabelle14[[#This Row],[EH-Arbeit]])*Tabelle14[[#This Row],[Anz.]] -> 20
A95: 4_19 | B95: Hoch | C95: EG | D95: Bad | E95: EINRICHTUNG | F95: 1 | G95: Stk. | H95: Infrarotkabine | J95: 3 | K95: 120 | L95: =Tabelle14[[#This Row],[Anz.]]*Tabelle14[[#This Row],[EH-Arbeit]] -> 120 | M95: 15 | N95: =Tabelle14[[#This Row],[Anz.]]+Tabelle14[[#This Row],[EH-Material2]] -> 16 | O95: =(Tabelle14[[#This Row],[EH-Material2]]+Tabelle14[[#This Row],[EH-Arbeit]])*Tabelle14[[#This Row],[Anz.]] -> 135
A96: 9 | B96: - | F96: Gang
A97: 9_1 | B97: Hoch | C97: EG | D97: Gang | E97: MALER | F97: =Flächen!F9 -> 2.7 | G97: m² | H97: Spachteln | I97: Klimaglätte | J97: 1 | K97: 3 | L97: =Tabelle14[[#This Row],[Anz.]]*Tabelle14[[#This Row],[EH-Arbeit]] -> 8.1 | M97: 3 | N97: =Tabelle14[[#This Row],[Anz.]]+Tabelle14[[#This Row],[EH-Material2]] -> 5.7 | O97: =(Tabelle14[[#This Row],[EH-Material2]]+Tabelle14[[#This Row],[EH-Arbeit]])*Tabelle14[[#This Row],[Anz.]] -> 16.2
A98: 9_2 | B98: Hoch | C98: EG | D98: Gang | E98: ELEKTRO | F98: 1 | G98: Stk. | H98: Beleuchtung | I98: Deckenlicht - Fassung | J98: 0.15 | K98: 5 | L98: =Tabelle14[[#This Row],[Anz.]]*Tabelle14[[#This Row],[EH-Arbeit]] -> 5 | M98: 6 | N98: =Tabelle14[[#This Row],[Anz.]]+Tabelle14[[#This Row],[EH-Material2]] -> 7 | O98: =(Tabelle14[[#This Row],[EH-Material2]]+Tabelle14[[#This Row],[EH-Arbeit]])*Tabelle14[[#This Row],[Anz.]] -> 11
A99: 9_2 | B99: Hoch | C99: EG | D99: Gang | E99: ELEKTRO | F99: 2 | G99: Stk. | H99: Taster | I99: neu | J99: 0.25 | K99: 15 | L99: =Tabelle14[[#This Row],[Anz.]]*Tabelle14[[#This Row],[EH-Arbeit]] -> 30 | M99: 12 | N99: =Tabelle14[[#This Row],[Anz.]]+Tabelle14[[#This Row],[EH-Material2]] -> 14 | O99: =(Tabelle14[[#This Row],[EH-Material2]]+Tabelle14[[#This Row],[EH-Arbeit]])*Tabelle14[[#This Row],[Anz.]] -> 54
A100: 9_2 | B100: Hoch | C100: EG | D100: Gang | E100: ELEKTRO | F100: 2 | G100: Stk. | H100: Rahmen | I100: Schalter - Stecker Rahmen neu | J100: 0.25 | K100: 3 | L100: =Tabelle14[[#This Row],[Anz.]]*Tabelle14[[#This Row],[EH-Arbeit]] -> 6 | M100: 2 | N100: =Tabelle14[[#This Row],[Anz.]]+Tabelle14[[#This Row],[EH-Material2]] -> 4 | O100: =(Tabelle14[[#This Row],[EH-Material2]]+Tabelle14[[#This Row],[EH-Arbeit]])*Tabelle14[[#This Row],[Anz.]] -> 10
...

Sheet Tabelle1
A5: Datum | B5: Az | C5: EH | D5: Position | E5: Kostenstelle | F5: sonstiges | G5: Art | H5: Breite | I5: Höhe | J5: Länge | K5: Volumen | L5: lfm | M5: Gebinde | N5: kg gesamt | O5: Status | P5: Pos.Preis | Q5: Preis, brutto
B6: 88 | C6: m² | D6: Holzöl | E6: Hornbach | G6: Terrasse | N6: =(Tabelle157[[#This Row],[lfm]]*4.5)*Tabelle157[[#This Row],[Az]] -> #VALUE! | O6: offen | P6: 1.1 | Q6: =B6*P6 -> 96.8
B7: 88 | C7: m² | D7: Terrassendiele Sibirische Lärche 24x140x3000 mm | G7: Terrasse | N7: =(Tabelle157[[#This Row],[lfm]]*4.5)*Tabelle157[[#This Row],[Az]] -> #VALUE! | O7: offen | P7: 28 | Q7: =B7*P7 -> 2464
B8: 88 | C8: m² | D8: Ausgleichspad/Abstandhalter | E8: Hornbach | G8: Terrasse | N8: =(Tabelle157[[#This Row],[lfm]]*4.5)*Tabelle157[[#This Row],[Az]] -> #VALUE! | O8: offen | P8: 7 | Q8: =B8*P8 -> 616
B9: 3 | C9: Stk. | D9: Konstruktionsvollholz 8/12 | E9: Bauhaus | F9: Fichte | G9: Terrasse | H9: 8 | I9: 12 | J9: 600 | L9: =J9/100 -> 6 | N9: =(Tabelle157[[#This Row],[lfm]]*4.5)*Tabelle157[[#This Row],[Az]] -> #VALUE! | O9: offen | P9: 5.1 | Q9: =L9*P9*Tabelle157[[#This Row],[Az]] -> #VALUE!
B10: 4 | C10: Stk. | D10: Konstruktionsvollholz 8/12 | E10: Bauhaus | F10: Fichte | G10: Terrasse | H10: 8 | I10: 12 | J10: 430 | L10: =J10/100 -> 4.3 | N10: =(Tabelle157[[#This Row],[lfm]]*4.5)*Tabelle157[[#This Row],[Az]] -> #VALUE! | O10: offen | P10: 5.1 | Q10: =L10*P10*Tabelle157[[#This Row],[Az]] -> #VALUE!
B11: 2 | C11: Stk. | D11: Konstruktionsvollholz 8/12 | E11: Bauhaus | F11: Fichte | G11: Terrasse | H11: 8 | I11: 12 | J11: 600 | L11: =J11/100 -> 6 | N11: =(Tabelle157[[#This Row],[lfm]]*4.5)*Tabelle157[[#This Row],[Az]] -> #VALUE! | O11: offen | P11: 5.1 | Q11: =L11*P11*Tabelle157[[#This Row],[Az]] -> #VALUE!
B12: 88 | C12: m² | D12: Unterkonstruktion Lärche | E12: Hornbach | G12: Terrasse | N12: =(Tabelle157[[#This Row],[lfm]]*4.5)*Tabelle157[[#This Row],[Az]] -> #VALUE! | O12: offen | P12: 7.5 | Q12: =B12*P12 -> 660
B13: 88 | C13: m² | D13: Terrassenschrauben | E13: Hornbach | G13: Terrasse | N13: =(Tabelle157[[#This Row],[lfm]]*4.5)*Tabelle157[[#This Row],[Az]] -> #VALUE! | O13: offen | P13: 4.5 | Q13: =B13*P13 -> 396
B16: 88 | C16: m² | D16: Holzöl | E16: Hornbach | G16: Terrasse | N16: =(Tabelle157[[#This Row],[lfm]]*4.5)*Tabelle157[[#This Row],[Az]] -> #VALUE! | O16: offen | P16: 1.1 | Q16: =B16*P16 -> 96.8
B17: 88 | C17: m² | D17: Terrassendiele Sibirische Lärche 24x140x3000 mm | G17: Terrasse | N17: =(Tabelle157[[#This Row],[lfm]]*4.5)*Tabelle157[[#This Row],[Az]] -> #VALUE! | O17: offen | P17: 28 | Q17: =B17*P17 -> 2464
B18: 88 | C18: m² | D18: Ausgleichspad/Abstandhalter | E18: Hornbach | G18: Terrasse | N18: =(Tabelle157[[#This Row],[lfm]]*4.5)*Tabelle157[[#This Row],[Az]] -> #VALUE! | O18: offen | P18: 7 | Q18: =B18*P18 -> 616
B19: 3 | C19: Stk. | D19: Konstruktionsvollholz 8/12 | E19: Bauhaus | F19: Fichte | G19: Terrasse | H19: 8 | I19: 12 | J19: 600 | L19: =J19/100 -> 6 | N19: =(Tabelle157[[#This Row],[lfm]]*4.5)*Tabelle157[[#This Row],[Az]] -> #VALUE! | O19: offen | P19: 5.1 | Q19: =L19*P19*Tabelle157[[#This Row],[Az]] -> #VALUE!
B20: 4 | C20: Stk. | D20: Konstruktionsvollholz 8/12 | E20: Bauhaus | F20: Fichte | G20: Terrasse | H20: 8 | I20: 12 | J20: 430 | L20: =J20/100 -> 4.3 | N20: =(Tabelle157[[#This Row],[lfm]]*4.5)*Tabelle157[[#This Row],[Az]] -> #VALUE! | O20: offen | P20: 5.1 | Q20: =L20*P20*Tabelle157[[#This Row],[Az]] -> #VALUE!
B21: 2 | C21: Stk. | D21: Konstruktionsvollholz 8/12 | E21: Bauhaus | F21: Fichte | G21: Terrasse | H21: 8 | I21: 12 | J21: 600 | L21: =J21/100 -> 6 | N21: =(Tabelle157[[#This Row],[lfm]]*4.5)*Tabelle157[[#This Row],[Az]] -> #VALUE! | O21: offen | P21: 5.1 | Q21: =L21*P21*Tabelle157[[#This Row],[Az]] -> #VALUE!
B22: 88 | C22: m² | D22: Unterkonstruktion Lärche | E22: Hornbach | G22: Terrasse | N22: =(Tabelle157[[#This Row],[lfm]]*4.5)*Tabelle157[[#This Row],[Az]] -> #VALUE! | O22: offen | P22: 7.5 | Q22: =B22*P22 -> 660
B23: 88 | C23: m² | D23: Terrassenschrauben | E23: Hornbach | G23: Terrasse | N23: =(Tabelle157[[#This Row],[lfm]]*4.5)*Tabelle157[[#This Row],[Az]] -> #VALUE! | O23: offen | P23: 4.5 | Q23: =B23*P23 -> 396
